{"stats":{"minecraft:used":{"minecraft:moss_block":48,"minecraft:moss_carpet":23,"minecraft:poppy":1,"minecraft:decorated_pot":8,"minecraft:chest":24,"minecraft:iron_sword":310,"minecraft:creeper_head":1,"lootr:trophy":3,"grimoireofgaia:soulfire":2,"minecraft:rotten_flesh":3,"minecraft:tuff":2,"minecraft:big_dripleaf":47,"minecraft:lava_bucket":1,"minecraft:lantern":4,"minecraft:wet_sponge":1,"minecraft:iron_helmet":1,"minecraft:raw_gold_block":2,"minecraft:stone_brick_stairs":4,"minecraft:stone_bricks":23,"farmersdelight:cutting_board":1,"minecraft:bow":249,"minecraft:furnace":2,"minecraft:cooked_cod":2,"minecraft:skeleton_skull":1,"minecraft:egg":1,"minecraft:mossy_stone_bricks":2,"minecraft:golden_boots":1,"miners_delight:copper_carrot":1,"minecraft:diamond_boots":1,"cardiac:life_bottle":15,"minecraft:prismarine":5,"minecraft:oak_planks":81,"minecraft:ender_pearl":1,"minecraft:clay":69,"minecraft:golden_apple":3,"minecraft:glow_berries":24,"minecraft:sand":16,"ironchest:copper_chest":1,"minecraft:sponge":18,"waystones:waystone":3,"sophisticatedbackpacks:backpack":2,"minecraft:bread":132,"minecraft:deepslate":100,"minecraft:gravel":18,"ironchest:iron_to_gold_chest_upgrade":2,"tombstone:familiar_stone":2,"minecraft:smithing_table":1,"minecraft:flint_and_steel":64,"minecraft:bone_meal":14,"minecraft:azalea":9,"ironchest:wood_to_iron_chest_upgrade":2,"minecraft:trident":1629,"minecraft:iron_bars":2,"mekanism:cardboard_box":2,"minecraft:spruce_planks":1,"minecraft:cooked_salmon":17,"minecraft:oak_door":3,"minecraft:torch":104,"minecraft:dirt":17,"minecraft:anvil":2,"minecraft:prismarine_bricks":4,"minecraft:salmon_bucket":1,"minecraft:stone_brick_slab":3,"minecraft:dark_oak_planks":10,"minecraft:flowering_azalea":3,"majruszsdifficulty:elder_guardian_treasure_bag":1,"minecraft:bookshelf":1,"thermal:dynamo_stirling":1,"minecraft:oak_stairs":1,"minecraft:iron_axe":27,"minecraft:waxed_exposed_cut_copper_slab":1,"minecraft:diamond_chestplate":1,"tombstone:gift":4,"minecraft:trapped_chest":1,"minecraft:cooked_beef":1,"minecraft:cobbled_deepslate":44,"minecraft:turtle_egg":6,"minecraft:iron_leggings":1,"minecraft:acacia_boat":1,"minecraft:water_bucket":3,"farmersdelight:skillet":1,"minecraft:glass_bottle":3,"minecraft:cut_sandstone":1,"ironchest:wood_to_copper_chest_upgrade":2,"minecraft:cracked_stone_bricks":3,"minecraft:mossy_cobblestone":9,"minecraft:diamond_block":1,"minecraft:tnt":2,"minecraft:crafting_table":5,"minecraft:oak_slab":1,"minecraft:red_bed":5,"minecraft:cod":19,"minecraft:spruce_log":2,"tombstone:bag_of_seeds":1,"minecraft:dark_prismarine":28,"minecraft:diamond_pickaxe":2381,"minecraft:apple":21,"waystones:mossy_waystone":4,"minecraft:stone_axe":62,"minecraft:cobblestone":37,"minecraft:potion":4,"minecraft:cobbled_deepslate_slab":3,"minecraft:cooked_porkchop":4,"minecraft:bucket":5,"minecraft:stripped_oak_log":8,"minecraft:birch_stairs":2},"minecraft:killed":{"grimoireofgaia:toad":1,"grimoireofgaia:witch":1,"minecraft:witch":4,"grimoireofgaia:cyclops":1,"minecraft:spider":33,"grimoireofgaia:minotaurus":1,"minecraft:skeleton":38,"grimoireofgaia:mimic":2,"minecraft:guardian":49,"majruszsdifficulty:creeperling":1,"minecraft:silverfish":48,"thermal:blitz":2,"grimoireofgaia:flesh_lich":1,"minecraft:zombie_villager":1,"minecraft:elder_guardian":3,"minecraft:creeper":8,"minecraft:sheep":4,"minecraft:pillager":1,"minecraft:zombie":79,"minecraft:stray":7,"grimoireofgaia:harpy":7,"minecraft:glow_squid":1,"minecraft:vex":13,"minecraft:vindicator":5,"grimoireofgaia:creep":2,"minecraft:drowned":23,"cataclysm:lionfish":1,"cataclysm:deepling_angler":1,"minecraft:husk":7,"grimoireofgaia:cyan_flower":1,"knightquest:eldbomb":1,"grimoireofgaia:cecaelia":9,"grimoireofgaia:oni":3,"minecraft:enderman":1},"minecraft:picked_up":{"minecraft:wooden_axe":1,"minecraft:iron_chestplate":4,"minecraft:wheat":161,"mekanism:raw_uranium":13,"minecraft:anvil":6,"minecraft:prismarine_shard":215,"minecraft:smithing_table":1,"alexscaves:cave_tablet":6,"minecraft:oak_stairs":1,"minecraft:enchanted_book":3,"minecraft:potion":2,"minecraft:stone_brick_stairs":7,"tombstone:grave_key":1,"enigmaticlegacy:enigmatic_eye":1,"minecraft:string":49,"minecraft:cooked_salmon":66,"minecraft:explorer_pottery_sherd":12,"minecraft:iron_leggings":3,"minecraft:armor_stand":6,"enigmaticlegacy:thicc_scroll":12,"minecraft:tnt_minecart":4,"minecraft:gold_nugget":18,"minecraft:cobbled_deepslate":1094,"minecraft:spruce_planks":1,"minecraft:white_tulip":1,"minecraft:azalea":22,"hangglider:hang_glider":1,"minecraft:melon_slice":2,"delightful:green_tea_leaf":1,"minecraft:iron_boots":3,"minecraft:furnace":2,"minecraft:golden_helmet":6,"minecraft:tipped_arrow":16,"minecraft:stick":45,"minecraft:composter":2,"minecraft:big_dripleaf":53,"miners_delight:silverfish_eggs":5,"minecraft:torch":104,"thermal:raw_lead":6,"minecraft:porkchop":8,"tombstone:grave_dust":24,"minecraft:golden_chestplate":12,"mekanism:raw_tin":4,"minecraft:waxed_exposed_cut_copper_slab":1,"minecraft:stone_sword":1,"minecraft:rotten_flesh":182,"farmersdelight:rope":4,"minecraft:mangrove_door":2,"minecraft:cod":35,"minecraft:obsidian":4,"minecraft:iron_bars":4,"minecraft:cobblestone":340,"minecraft:sponge":30,"grimoireofgaia:metal_dagger":1,"minecraft:magma_block":15,"minecraft:leather_chestplate":10,"minecraft:feather":6,"minecraft:oxidized_copper":9,"minecraft:golden_leggings":13,"ironchest:copper_chest":1,"enigmaticlegacy:golem_heart":2,"minecraft:flint":17,"minecraft:tuff":103,"minecraft:prismarine_bricks":4,"minecraft:acacia_boat":1,"lootr:trophy":2,"minecraft:lapis_lazuli":17,"minecraft:dirt":40,"minecraft:lantern":4,"minecraft:weathered_cut_copper":53,"minecraft:leather_boots":2,"bhc:red_heart":12,"minecraft:bone":78,"minecraft:bow":3,"minecraft:wheat_seeds":22,"minecraft:orange_tulip":1,"minecraft:raw_gold":31,"minecraft:cobbled_deepslate_slab":25,"minecraft:waxed_weathered_cut_copper_slab":1,"gobber2:gobber2_globette":2,"tombstone:scroll_of_reach":1,"minecraft:mossy_stone_bricks":27,"minecraft:glowstone_dust":1,"minecraft:moss_block":77,"minecraft:prismarine":5,"minecraft:oak_planks":121,"minecraft:mossy_stone_brick_stairs":3,"gobber2:gobber2_gooey_bread":4,"thermal:raw_tin":4,"endrem:lost_eye":3,"thermal:dynamo_stirling":1,"minecraft:axolotl_bucket":1,"minecraft:sand":39,"minecraft:poisonous_potato":10,"tombstone:scroll_of_feather_fall":1,"bettertridents:trident_fragment":1,"minecraft:dark_oak_log":28,"minecraft:diamond_block":3,"grimoireofgaia:shiny_pearl":14,"minecraft:trapped_chest":1,"minecraft:barrel":3,"minecraft:mossy_cobblestone":76,"minecraft:dark_prismarine":45,"minecraft:bundle":5,"cataclysm:lionfish":1,"enigmaticlegacy:ocean_stone":2,"minecraft:dispenser":1,"minecraft:clay":4,"minecraft:diamond":10,"minecraft:angler_pottery_sherd":4,"waystones:waystone":3,"tombstone:tablet_of_recall":1,"minecraft:polished_granite_slab":1,"knightquest:small_essence":40,"minecraft:golden_apple":1,"minecraft:bread":53,"minecraft:emerald":9,"minecraft:chainmail_helmet":3,"gobber2:gobber2_goo":4,"minecraft:plenty_pottery_sherd":8,"minecraft:diamond_pickaxe":4,"minecraft:fishing_rod":4,"minecraft:charcoal":1,"minecraft:allium":3,"minecraft:azure_bluet":1,"grimoireofgaia:soulfire":2,"minecraft:clay_ball":197,"thermal:raw_silver":18,"minecraft:turtle_helmet":1,"minecraft:leather_leggings":8,"minecraft:brown_mushroom":2,"thermal:cinnabar":1,"enigmaticlegacy:lore_fragment":4,"minecraft:gold_block":11,"tombstone:scroll_of_preservation":1,"minecraft:chain":3,"minecraft:shield":2,"minecraft:brick":4,"minecraft:red_bed":4,"minecraft:moss_carpet":24,"minecraft:iron_axe":1,"minecraft:flint_and_steel":1,"minecraft:white_carpet":2,"minecraft:iron_shovel":1,"minecraft:cracked_stone_bricks":12,"tombstone:scroll_of_unstable_intangibility":1,"minecraft:player_head":2,"thermal:niter":13,"minecraft:light_gray_wool":1,"minecraft:iron_nugget":69,"minecraft:poppy":1,"tombstone:tablet_of_assistance":1,"minecraft:chest":10,"minecraft:birch_sapling":1,"minecraft:spruce_trapdoor":2,"minecraft:egg":1,"minecraft:raw_iron":114,"minecraft:raw_gold_block":2,"minecraft:copper_ingot":2,"grimoireofgaia:metal_club":1,"sophisticatedbackpacks:backpack":1,"minecraft:trident":7,"minecraft:carrot":5,"minecraft:redstone":38,"cardiac:life_bottle":155,"minecraft:mangrove_trapdoor":1,"minecraft:prismarine_crystals":202,"minecraft:dark_oak_planks":20,"minecraft:tnt":5,"minecraft:arrow":58,"minecraft:cooked_cod":2,"minecraft:decorated_pot":18,"minecraft:beetroot_seeds":3,"minecraft:pumpkin_pie":42,"mekanism:cardboard_box":1,"minecraft:glow_berries":27,"minecraft:mutton":12,"minecraft:white_wool":4,"minecraft:skeleton_skull":1,"lookinsharp:tonic_artifact":4,"minecraft:rail":6,"minecraft:wet_sponge":80,"minecraft:stripped_oak_log":8,"mekanism:raw_lead":9,"minecraft:salmon":47,"minecraft:leather":50,"minecraft:cut_sandstone":2,"minecraft:red_mushroom":7,"minecraft:filled_map":2,"minecraft:oak_log":48,"minecraft:chainmail_chestplate":2,"minecraft:gunpowder":39,"minecraft:golden_boots":18,"minecraft:paper":35,"minecraft:red_carpet":3,"minecraft:apple":13,"minecraft:stone_bricks":333,"minecraft:kelp":266,"majruszsdifficulty:tattered_leggings":1,"minecraft:heart_of_the_sea":1,"minecraft:iron_ingot":1,"tombstone:tablet_of_guard":1,"tombstone:bag_of_seeds":3,"minecraft:flowering_azalea":11,"minecraft:iron_sword":1,"minecraft:oxidized_cut_copper":49,"minecraft:book":79,"minecraft:oak_slab":1,"minecraft:emerald_block":12,"minecraft:stone_brick_slab":3,"minecraft:dandelion":1,"waystones:mossy_waystone":4,"minecraft:weathered_copper":13,"minecraft:gravel":28,"minecraft:lava_bucket":2,"minecraft:birch_stairs":2,"delightful:salmonberries":1,"minecraft:spruce_log":11,"minecraft:spruce_door":2,"minecraft:spider_eye":9,"mekanism:raw_osmium":14,"minecraft:sea_lantern":35,"minecraft:leather_helmet":3,"tombstone:scroll_of_true_sight":1,"minecraft:slime_ball":3,"minecraft:stone_axe":5,"tombstone:scroll_of_knowledge":3,"minecraft:tide_armor_trim_smithing_template":1,"mekanism:fluorite_gem":35,"minecraft:chainmail_leggings":2,"minecraft:iron_helmet":2,"tombstone:magic_scroll":5,"minecraft:coal":84,"majruszsdifficulty:tattered_chestplate":4,"minecraft:ender_pearl":2},"minecraft:broken":{"minecraft:golden_helmet":2,"minecraft:leather_leggings":1,"minecraft:iron_leggings":1,"minecraft:chainmail_boots":2,"minecraft:golden_leggings":1,"minecraft:diamond_boots":1,"minecraft:chainmail_chestplate":1,"minecraft:diamond_pickaxe":1,"minecraft:diamond_chestplate":1,"minecraft:chainmail_leggings":1,"minecraft:flint_and_steel":1,"minecraft:chainmail_helmet":2,"minecraft:leather_chestplate":1,"minecraft:iron_helmet":2},"minecraft:mined":{"thermal:deepslate_tin_ore":4,"minecraft:polished_granite_slab":1,"minecraft:jungle_leaves":2,"minecraft:obsidian":4,"minecraft:cave_vines_plant":27,"minecraft:grass_block":8,"ironchest:copper_chest":1,"minecraft:spawner":15,"minecraft:tall_seagrass":138,"minecraft:magma_block":18,"minecraft:fire":33,"minecraft:iron_ore":52,"minecraft:barrel":1,"minecraft:cobbled_deepslate":12,"minecraft:moss_carpet":5,"minecraft:anvil":6,"minecraft:enchanting_table":1,"minecraft:cave_vines":52,"minecraft:flowering_azalea_leaves":13,"minecraft:iron_bars":3,"minecraft:azalea_leaves":20,"minecraft:azalea":2,"minecraft:cut_sandstone":1,"minecraft:deepslate_redstone_ore":6,"minecraft:red_bed":4,"minecraft:kelp_plant":131,"minecraft:clay":47,"minecraft:torch":5,"minecraft:chest":8,"minecraft:cobblestone":152,"thermal:deepslate_lead_ore":6,"minecraft:oak_planks":8,"minecraft:wall_torch":4,"minecraft:seagrass":67,"mekanism:cardboard_box":1,"farmersdelight:sandy_shrub":1,"lootr:trophy":2,"mekanism:deepslate_tin_ore":4,"minecraft:tnt":2,"minecraft:light_gray_wool":3,"minecraft:orange_tulip":1,"minecraft:stone_brick_stairs":2,"minecraft:infested_mossy_stone_bricks":1,"minecraft:grass":111,"minecraft:oak_log":9,"minecraft:waxed_exposed_cut_copper_slab":1,"minecraft:sand":42,"minecraft:dirt":17,"minecraft:dispenser":1,"minecraft:oak_leaves":1,"minecraft:deepslate":1193,"minecraft:emerald_block":12,"thermal:deepslate_cinnabar_ore":1,"minecraft:dark_prismarine":19,"minecraft:diamond_ore":3,"minecraft:tuff":102,"minecraft:mossy_cobblestone":27,"minecraft:dark_oak_leaves":1,"minecraft:deepslate_diamond_ore":9,"minecraft:dark_oak_log":6,"minecraft:sea_lantern":3,"mekanism:deepslate_osmium_ore":14,"minecraft:cobbled_deepslate_slab":8,"minecraft:decorated_pot":17,"minecraft:spruce_leaves":3,"minecraft:moss_block":13,"minecraft:kelp":24,"minecraft:large_fern":12,"minecraft:furnace":2,"minecraft:raw_gold_block":2,"minecraft:suspicious_sand":1,"minecraft:diamond_block":3,"minecraft:gold_block":11,"minecraft:big_dripleaf_stem":7,"minecraft:bookshelf":17,"minecraft:vine":2,"minecraft:deepslate_iron_ore":53,"minecraft:wet_sponge":72,"minecraft:stone":110,"minecraft:white_tulip":1,"minecraft:smithing_table":1,"mekanism:deepslate_lead_ore":9,"minecraft:birch_stairs":2,"minecraft:flowering_azalea":2,"minecraft:glass_pane":18,"minecraft:stone_brick_slab":3,"minecraft:dandelion":1,"minecraft:sponge":4,"minecraft:tall_grass":39,"minecraft:deepslate_gold_ore":7,"delightful:wild_salmonberries":1,"minecraft:big_dripleaf":8,"minecraft:prismarine_bricks":1,"farmersdelight:wild_beetroots":1,"minecraft:white_carpet":2,"minecraft:spruce_log":2,"gobber2:gobber2_lucky_block_deepslate":8,"thermal:deepslate_silver_ore":9,"thermal:dynamo_stirling":1,"thermal:silver_ore":9,"minecraft:coal_ore":25,"mekanism:deepslate_fluorite_ore":12,"minecraft:gravel":32,"mekanism:deepslate_uranium_ore":13,"minecraft:cobweb":4,"thermal:deepslate_niter_ore":3,"minecraft:cracked_stone_bricks":5,"minecraft:stone_bricks":213,"minecraft:small_dripleaf":1,"minecraft:mossy_stone_bricks":20,"minecraft:gold_ore":24,"minecraft:fern":4,"minecraft:dark_oak_planks":5},"minecraft:crafted":{"minecraft:oak_planks":264,"dustrial_decor:cardboard_boots":1,"hangglider:hang_glider":1,"minecraft:stone":52,"thermal:iron_dust":79,"minecraft:raw_copper":27,"minecraft:iron_boots":1,"thermal:silver_dust":18,"minecraft:chest":14,"thermal:gold_dust":50,"minecraft:magenta_dye":1,"minecraft:raw_iron_block":1,"ironchest:wood_to_copper_chest_upgrade":2,"minecraft:deepslate":100,"knightquest:great_essence":1,"minecraft:emerald":117,"minecraft:crafting_table":5,"minecraft:wooden_pickaxe":2,"minecraft:iron_helmet":2,"minecraft:raw_gold_block":1,"dustrial_decor:cardboard":42,"minecraft:gold_block":1,"farmersdelight:cutting_board":1,"minecraft:iron_chestplate":1,"minecraft:paper":24,"minecraft:charcoal":2,"minecraft:diamond_pickaxe":1,"minecraft:emerald_block":1,"minecraft:yellow_dye":1,"minecraft:stick":8,"minecraft:shield":1,"sophisticatedbackpacks:diamond_backpack":2,"minecraft:iron_pickaxe":1,"minecraft:iron_ingot":32,"minecraft:iron_block":1,"minecraft:gold_ingot":158,"minecraft:light_gray_dye":1,"minecraft:redstone_torch":4,"minecraft:sponge":20,"thermal:tin_ingot":5,"thermal:lead_dust":3,"minecraft:oak_door":3,"minecraft:redstone":9,"minecraft:leather_leggings":1,"minecraft:leather_boots":1,"minecraft:bone_meal":171,"minecraft:raw_copper_block":3,"minecraft:diamond_block":1,"minecraft:diamond":27,"thermal:silver_ingot":6,"minecraft:stone_pickaxe":1,"minecraft:diamond_boots":1,"minecraft:redstone_block":1,"minecraft:dark_oak_planks":44,"thermal:tin_dust":4,"sophisticatedbackpacks:iron_backpack":2,"minecraft:cooked_beef":10,"minecraft:red_dye":1,"ironchest:wood_to_iron_chest_upgrade":2,"dustrial_decor:cardboard_helmet":1,"minecraft:dried_kelp":1,"sophisticatedbackpacks:gold_backpack":2,"minecraft:leather_helmet":1,"minecraft:bucket":1,"thermal:copper_dust":66,"minecraft:orange_dye":1,"minecraft:bread":73,"minecraft:air":0,"minecraft:blue_dye":1,"justhammers:iron_hammer":1,"ironchest:iron_to_gold_chest_upgrade":2,"justhammers:stone_hammer":1,"minecraft:white_dye":3,"minecraft:raw_gold":27,"dustrial_decor:cardboard_leggings":1,"minecraft:iron_leggings":2,"delightful:salmonberry_pips":1,"minecraft:torch":92,"thermal:rf_coil":1,"thermal:dynamo_stirling":1,"minecraft:clay":68,"minecraft:diamond_chestplate":1},"minecraft:custom":{"enigmaticlegacy:play_time_with_seven_curses":0,"lootr:looted_stat":316,"minecraft:interact_with_crafting_table":77,"minecraft:open_barrel":17,"minecraft:bell_ring":1,"minecraft:eat_cake_slice":8,"minecraft:leave_game":11,"minecraft:time_since_death":28765,"minecraft:sprint_one_cm":1759142,"minecraft:drop":381,"minecraft:play_noteblock":1,"minecraft:play_time":795944,"minecraft:deaths":85,"minecraft:jump":7567,"minecraft:interact_with_brewingstand":1,"minecraft:walk_on_water_one_cm":162733,"minecraft:interact_with_furnace":43,"minecraft:interact_with_loom":2,"minecraft:sleep_in_bed":9,"minecraft:waystone_activated":10,"minecraft:damage_dealt":71067,"minecraft:crouch_one_cm":5116,"tombstone:undead_killed":156,"minecraft:interact_with_smoker":1,"minecraft:interact_with_smithing_table":1,"minecraft:mob_kills":380,"minecraft:damage_dealt_resisted":1021,"minecraft:climb_one_cm":140611,"minecraft:walk_one_cm":852666,"minecraft:sneak_time":17458,"minecraft:walk_under_water_one_cm":927423,"minecraft:interact_with_lectern":1,"minecraft:boat_one_cm":4051,"minecraft:total_world_time":795944,"tombstone:raider_killed":10,"enigmaticlegacy:play_time_without_seven_curses":793161,"minecraft:tune_noteblock":3,"minecraft:time_since_rest":26897,"minecraft:damage_taken":54013,"minecraft:damage_absorbed":387,"minecraft:minecart_one_cm":392,"tombstone:cast_on_ally":0,"minecraft:swim_one_cm":3596782,"minecraft:fly_one_cm":2040096,"minecraft:open_chest":444,"minecraft:fall_one_cm":141600},"minecraft:killed_by":{"minecraft:creeper":3,"minecraft:pillager":1,"minecraft:drowned":9,"grimoireofgaia:yuki_onna":1,"minecraft:vindicator":7,"grimoireofgaia:cecaelia":13,"grimoireofgaia:minotaurus":8,"cataclysm:deepling_brute":1,"grimoireofgaia:spriggan":1,"minecraft:zombie":7,"minecraft:vex":2,"minecraft:husk":4,"minecraft:player":1,"minecraft:spider":2,"minecraft:enderman":1,"grimoireofgaia:flesh_lich":3,"grimoireofgaia:werecat":2,"thermal:blitz":1,"grimoireofgaia:shaman":1,"minecraft:skeleton":5,"knightquest:eldbomb":1,"grimoireofgaia:witch":2,"grimoireofgaia:creep":2},"minecraft:dropped":{"minecraft:clay":3,"minecraft:moss_block":16,"minecraft:brown_mushroom":2,"minecraft:birch_planks":4,"minecraft:polished_granite_slab":1,"minecraft:oak_log":5,"minecraft:diamond":13,"minecraft:glow_berries":1,"minecraft:lantern":3,"minecraft:leather":18,"minecraft:cracked_stone_bricks":3,"minecraft:red_mushroom":6,"minecraft:red_carpet":2,"minecraft:cod":3,"minecraft:dirt":5,"tombstone:bag_of_seeds":3,"minecraft:waxed_weathered_cut_copper_slab":1,"minecraft:dark_oak_log":22,"enigmaticlegacy:ocean_stone":1,"minecraft:cooked_cod":55,"minecraft:cut_sandstone":1,"minecraft:gold_nugget":8,"minecraft:sand":2,"minecraft:dark_oak_planks":3,"minecraft:fishing_rod":2,"minecraft:bone":1,"minecraft:armor_stand":4,"minecraft:gravel":5,"minecraft:stone_axe":5,"minecraft:compass":2,"minecraft:iron_nugget":2,"minecraft:golden_chestplate":8,"minecraft:cobbled_deepslate":73,"miners_delight:silverfish_eggs":11,"minecraft:birch_sapling":1,"minecraft:rotten_flesh":132,"minecraft:azure_bluet":1,"minecraft:carrot":2,"minecraft:leather_chestplate":2,"minecraft:tipped_arrow":1,"minecraft:trident":2,"grimoireofgaia:metal_dagger":1,"minecraft:azalea":13,"minecraft:melon_seeds":2,"minecraft:charcoal":1,"minecraft:beetroot_seeds":3,"minecraft:leather_leggings":1,"farmersdelight:rope":4,"minecraft:stone_brick_stairs":1,"farmersdelight:tomato_seeds":2,"minecraft:enchanted_book":2,"minecraft:golden_boots":10,"minecraft:wheat_seeds":14,"minecraft:golden_helmet":7,"minecraft:mangrove_trapdoor":1,"farmersdelight:skillet":1,"minecraft:mossy_cobblestone":49,"minecraft:poisonous_potato":15,"minecraft:feather":5,"minecraft:cobblestone":162,"minecraft:lead":1,"enigmaticlegacy:golem_heart":1,"delightful:green_tea_leaf":1,"grimoireofgaia:shiny_pearl":7,"minecraft:explorer_pottery_sherd":4,"tombstone:grave_key":1,"minecraft:melon_slice":4,"minecraft:oak_stairs":1,"tombstone:grave_dust":6,"minecraft:potion":1,"minecraft:iron_leggings":1,"minecraft:flowering_azalea":8,"minecraft:string":31,"minecraft:redstone":6,"minecraft:moss_carpet":4,"minecraft:kelp":262,"minecraft:tuff":2,"minecraft:white_carpet":2,"minecraft:light_gray_wool":1,"minecraft:clay_ball":3,"minecraft:mangrove_door":2,"minecraft:filled_map":4,"delightful:salmonberry_pips":1,"minecraft:big_dripleaf":6,"minecraft:potato":1,"minecraft:allium":3,"minecraft:bundle":1,"minecraft:diamond_pickaxe":5,"minecraft:iron_chestplate":1,"minecraft:golden_leggings":6,"minecraft:stone_bricks":18,"minecraft:barrel":1,"minecraft:spider_eye":6,"knightquest:small_essence":1,"minecraft:wooden_pickaxe":1,"minecraft:bow":1,"minecraft:dark_prismarine":13,"minecraft:brick":4}},"DataVersion":3465}