{"stats":{"minecraft:killed":{"minecraft:spider":2,"minecraft:skeleton":4,"minecraft:drowned":13,"thermal:blitz":2,"minecraft:zombie_villager":1,"grimoireofgaia:cecaelia":3,"minecraft:creeper":3,"minecraft:sheep":4,"minecraft:zombie":8,"minecraft:glow_squid":1},"minecraft:used":{"minecraft:azalea":2,"minecraft:moss_block":36,"minecraft:moss_carpet":15,"minecraft:trident":20,"minecraft:chest":6,"minecraft:iron_sword":217,"minecraft:cooked_salmon":3,"minecraft:rotten_flesh":3,"minecraft:torch":35,"minecraft:dirt":9,"minecraft:salmon_bucket":1,"minecraft:tuff":1,"minecraft:big_dripleaf":12,"minecraft:flowering_azalea":2,"minecraft:raw_gold_block":2,"minecraft:bow":99,"tombstone:gift":4,"minecraft:egg":1,"minecraft:cobbled_deepslate":8,"minecraft:golden_boots":1,"miners_delight:copper_carrot":1,"minecraft:acacia_boat":1,"minecraft:mossy_stone_bricks":1,"cardiac:life_bottle":6,"minecraft:glass_bottle":1,"minecraft:oak_planks":31,"minecraft:clay":36,"minecraft:golden_apple":2,"minecraft:glow_berries":20,"minecraft:sand":9,"minecraft:crafting_table":3,"minecraft:dark_prismarine":27,"minecraft:diamond_pickaxe":154,"minecraft:apple":11,"minecraft:bread":19,"waystones:mossy_waystone":3,"minecraft:gravel":18,"minecraft:stone_axe":48,"minecraft:cobblestone":11,"minecraft:potion":2,"minecraft:cobbled_deepslate_slab":3,"minecraft:cooked_porkchop":3,"minecraft:bucket":1,"minecraft:stripped_oak_log":8},"minecraft:picked_up":{"minecraft:fishing_rod":1,"minecraft:clay_ball":64,"minecraft:prismarine_shard":3,"minecraft:enchanted_book":2,"minecraft:red_bed":1,"minecraft:moss_carpet":16,"minecraft:string":5,"minecraft:cracked_stone_bricks":1,"minecraft:tnt_minecart":2,"minecraft:cobbled_deepslate":8,"minecraft:azalea":3,"minecraft:iron_nugget":2,"minecraft:chest":2,"minecraft:egg":1,"minecraft:golden_helmet":1,"minecraft:raw_gold_block":2,"minecraft:big_dripleaf":12,"minecraft:torch":2,"tombstone:grave_dust":1,"minecraft:trident":1,"minecraft:carrot":1,"minecraft:redstone":6,"minecraft:prismarine_crystals":4,"minecraft:dark_oak_planks":16,"minecraft:rotten_flesh":16,"minecraft:arrow":1,"farmersdelight:rope":4,"minecraft:glow_berries":19,"minecraft:mutton":6,"minecraft:white_wool":4,"minecraft:rail":2,"minecraft:cobblestone":23,"minecraft:stripped_oak_log":8,"grimoireofgaia:metal_dagger":1,"minecraft:leather":18,"enigmaticlegacy:golem_heart":2,"minecraft:flint":17,"minecraft:tuff":1,"minecraft:acacia_boat":1,"minecraft:dirt":9,"minecraft:lantern":3,"minecraft:bone":3,"minecraft:kelp":8,"minecraft:bow":1,"minecraft:wheat_seeds":8,"minecraft:cobbled_deepslate_slab":3,"minecraft:moss_block":63,"minecraft:flowering_azalea":2,"minecraft:oak_planks":111,"waystones:mossy_waystone":4,"minecraft:gravel":25,"minecraft:sand":28,"minecraft:spider_eye":1,"grimoireofgaia:shiny_pearl":4,"minecraft:dark_prismarine":31,"enigmaticlegacy:ocean_stone":1,"minecraft:diamond":1,"minecraft:clay":1,"knightquest:small_essence":5},"minecraft:broken":{"minecraft:golden_helmet":1},"minecraft:killed_by":{"minecraft:creeper":1,"minecraft:spider":1,"minecraft:pillager":1,"minecraft:drowned":6,"grimoireofgaia:flesh_lich":1,"grimoireofgaia:werecat":2,"thermal:blitz":1,"grimoireofgaia:cecaelia":2,"grimoireofgaia:minotaurus":2,"cataclysm:deepling_brute":1,"minecraft:skeleton":3,"grimoireofgaia:spriggan":1,"minecraft:zombie":4},"minecraft:custom":{"enigmaticlegacy:play_time_with_seven_curses":0,"lootr:looted_stat":54,"minecraft:mob_kills":43,"minecraft:interact_with_crafting_table":10,"minecraft:damage_dealt_resisted":344,"minecraft:leave_game":5,"minecraft:climb_one_cm":14674,"minecraft:time_since_death":19121,"minecraft:sprint_one_cm":550882,"minecraft:walk_one_cm":221751,"minecraft:drop":44,"minecraft:play_time":217586,"minecraft:deaths":31,"minecraft:sneak_time":7316,"minecraft:walk_under_water_one_cm":113490,"minecraft:boat_one_cm":4051,"minecraft:jump":3008,"minecraft:walk_on_water_one_cm":68849,"minecraft:total_world_time":217586,"minecraft:interact_with_furnace":3,"enigmaticlegacy:play_time_without_seven_curses":216593,"minecraft:sleep_in_bed":1,"minecraft:time_since_rest":16722,"minecraft:waystone_activated":4,"minecraft:damage_taken":15799,"minecraft:damage_absorbed":80,"minecraft:damage_dealt":7788,"tombstone:cast_on_ally":0,"minecraft:fly_one_cm":688075,"minecraft:swim_one_cm":539050,"minecraft:open_chest":26,"minecraft:crouch_one_cm":2114,"tombstone:undead_killed":26,"minecraft:fall_one_cm":45660},"minecraft:mined":{"minecraft:dark_prismarine":13,"minecraft:diamond_ore":3,"minecraft:sea_lantern":2,"minecraft:cave_vines_plant":7,"minecraft:cobbled_deepslate_slab":1,"minecraft:grass_block":3,"minecraft:moss_block":3,"minecraft:large_fern":3,"minecraft:tall_seagrass":45,"minecraft:raw_gold_block":2,"minecraft:iron_ore":1,"minecraft:cobbled_deepslate":6,"minecraft:moss_carpet":3,"minecraft:cave_vines":12,"minecraft:vine":1,"minecraft:azalea":2,"minecraft:stone":23,"minecraft:flowering_azalea":1,"minecraft:red_bed":1,"minecraft:kelp_plant":1,"minecraft:clay":29,"minecraft:torch":1,"minecraft:chest":2,"minecraft:tall_grass":30,"minecraft:cobblestone":10,"minecraft:oak_planks":3,"minecraft:wall_torch":2,"minecraft:big_dripleaf":2,"minecraft:seagrass":30,"minecraft:grass":54,"minecraft:coal_ore":1,"minecraft:dirt":6,"minecraft:gravel":32,"minecraft:sand":34,"minecraft:cobweb":4,"minecraft:cracked_stone_bricks":1,"minecraft:mossy_stone_bricks":2,"minecraft:deepslate":34,"minecraft:fern":1},"minecraft:dropped":{"farmersdelight:tomato_seeds":2,"minecraft:enchanted_book":2,"minecraft:moss_block":14,"minecraft:wheat_seeds":4,"minecraft:golden_helmet":2,"minecraft:diamond":13,"minecraft:poisonous_potato":5,"minecraft:cobblestone":18,"minecraft:lead":1,"enigmaticlegacy:golem_heart":1,"minecraft:lantern":2,"minecraft:leather":18,"grimoireofgaia:shiny_pearl":4,"enigmaticlegacy:ocean_stone":1,"tombstone:grave_dust":2,"minecraft:string":13,"minecraft:fishing_rod":1,"minecraft:redstone":6,"minecraft:gravel":4,"minecraft:moss_carpet":4,"minecraft:kelp":4,"minecraft:cobbled_deepslate":33,"minecraft:rotten_flesh":11,"minecraft:clay_ball":2,"minecraft:trident":1,"minecraft:diamond_pickaxe":1,"minecraft:azalea":1,"farmersdelight:rope":4,"minecraft:bow":1},"minecraft:crafted":{"minecraft:oak_planks":100,"minecraft:bone_meal":3,"minecraft:chest":4,"minecraft:dark_oak_planks":20,"sophisticatedbackpacks:iron_backpack":1,"minecraft:crafting_table":3,"sophisticatedbackpacks:gold_backpack":1,"minecraft:bread":20,"minecraft:paper":6,"minecraft:diamond_pickaxe":1,"minecraft:raw_gold":18,"minecraft:torch":32,"minecraft:clay":35}},"DataVersion":3465}