{"stats":{"minecraft:used":{"minecraft:azalea":5,"minecraft:moss_block":38,"minecraft:trident":68,"minecraft:moss_carpet":19,"minecraft:iron_bars":1,"minecraft:decorated_pot":2,"minecraft:chest":6,"minecraft:iron_sword":310,"lootr:trophy":3,"minecraft:cooked_salmon":17,"minecraft:rotten_flesh":3,"minecraft:oak_door":3,"minecraft:torch":43,"minecraft:dirt":9,"minecraft:salmon_bucket":1,"minecraft:tuff":2,"minecraft:big_dripleaf":21,"minecraft:flowering_azalea":2,"minecraft:raw_gold_block":2,"minecraft:bow":99,"tombstone:gift":4,"minecraft:egg":1,"minecraft:cobbled_deepslate":10,"minecraft:turtle_egg":1,"minecraft:golden_boots":1,"miners_delight:copper_carrot":1,"minecraft:acacia_boat":1,"minecraft:mossy_stone_bricks":1,"cardiac:life_bottle":9,"minecraft:glass_bottle":2,"minecraft:oak_planks":37,"minecraft:cut_sandstone":1,"minecraft:clay":36,"minecraft:golden_apple":3,"minecraft:glow_berries":21,"minecraft:sand":15,"minecraft:crafting_table":4,"minecraft:red_bed":2,"minecraft:sponge":14,"minecraft:cod":13,"minecraft:dark_prismarine":27,"minecraft:diamond_pickaxe":201,"minecraft:apple":14,"minecraft:bread":22,"waystones:mossy_waystone":4,"minecraft:gravel":18,"minecraft:stone_axe":62,"minecraft:potion":3,"minecraft:cobblestone":20,"minecraft:cobbled_deepslate_slab":3,"minecraft:cooked_porkchop":3,"minecraft:bucket":1,"minecraft:stripped_oak_log":8},"minecraft:dropped":{"minecraft:enchanted_book":2,"farmersdelight:tomato_seeds":2,"minecraft:moss_block":14,"minecraft:wheat_seeds":4,"minecraft:golden_helmet":2,"minecraft:diamond":13,"minecraft:poisonous_potato":5,"minecraft:feather":3,"minecraft:cobblestone":18,"minecraft:lead":1,"enigmaticlegacy:golem_heart":1,"minecraft:lantern":2,"minecraft:leather":18,"grimoireofgaia:shiny_pearl":4,"tombstone:bag_of_seeds":3,"enigmaticlegacy:ocean_stone":1,"minecraft:cooked_cod":55,"minecraft:cut_sandstone":1,"tombstone:grave_dust":4,"minecraft:potion":1,"minecraft:gold_nugget":8,"minecraft:string":13,"minecraft:fishing_rod":1,"minecraft:redstone":6,"minecraft:gravel":4,"minecraft:stone_axe":4,"minecraft:moss_carpet":4,"minecraft:compass":2,"minecraft:kelp":4,"minecraft:cobbled_deepslate":33,"minecraft:rotten_flesh":33,"minecraft:clay_ball":2,"minecraft:filled_map":4,"minecraft:trident":1,"minecraft:diamond_pickaxe":1,"minecraft:azalea":1,"grimoireofgaia:metal_dagger":1,"farmersdelight:rope":4,"minecraft:bow":1,"minecraft:dark_prismarine":13},"minecraft:killed_by":{"minecraft:creeper":1,"minecraft:spider":1,"minecraft:pillager":1,"minecraft:drowned":6,"grimoireofgaia:flesh_lich":1,"grimoireofgaia:werecat":2,"thermal:blitz":1,"grimoireofgaia:cecaelia":9,"grimoireofgaia:minotaurus":2,"cataclysm:deepling_brute":1,"minecraft:skeleton":3,"grimoireofgaia:spriggan":1,"minecraft:zombie":4},"minecraft:crafted":{"minecraft:oak_door":3,"minecraft:oak_planks":100,"minecraft:bone_meal":3,"minecraft:diamond":9,"minecraft:raw_copper":18,"minecraft:chest":4,"minecraft:dark_oak_planks":20,"sophisticatedbackpacks:iron_backpack":2,"minecraft:emerald":27,"minecraft:crafting_table":4,"sophisticatedbackpacks:gold_backpack":2,"minecraft:bread":20,"minecraft:air":0,"minecraft:paper":24,"minecraft:diamond_pickaxe":1,"minecraft:raw_gold":18,"sophisticatedbackpacks:diamond_backpack":1,"minecraft:gold_ingot":54,"minecraft:torch":92,"minecraft:sponge":20,"minecraft:clay":35},"minecraft:killed":{"minecraft:spider":2,"minecraft:skeleton":4,"minecraft:guardian":19,"minecraft:drowned":17,"thermal:blitz":2,"minecraft:zombie_villager":1,"minecraft:elder_guardian":1,"grimoireofgaia:cecaelia":5,"minecraft:creeper":3,"minecraft:sheep":4,"minecraft:zombie":8,"minecraft:glow_squid":1},"minecraft:broken":{"minecraft:golden_helmet":1},"minecraft:custom":{"enigmaticlegacy:play_time_with_seven_curses":0,"lootr:looted_stat":172,"minecraft:mob_kills":69,"minecraft:interact_with_crafting_table":16,"minecraft:open_barrel":5,"minecraft:damage_dealt_resisted":658,"minecraft:leave_game":7,"minecraft:time_since_death":13076,"minecraft:climb_one_cm":28804,"minecraft:sprint_one_cm":608879,"minecraft:walk_one_cm":238375,"minecraft:drop":88,"minecraft:play_noteblock":1,"minecraft:play_time":334749,"minecraft:deaths":38,"minecraft:sneak_time":9745,"minecraft:walk_under_water_one_cm":429087,"minecraft:boat_one_cm":4051,"minecraft:jump":3328,"minecraft:walk_on_water_one_cm":84260,"minecraft:total_world_time":334749,"minecraft:interact_with_furnace":9,"enigmaticlegacy:play_time_without_seven_curses":333538,"minecraft:tune_noteblock":3,"minecraft:sleep_in_bed":2,"minecraft:time_since_rest":10677,"minecraft:waystone_activated":6,"minecraft:damage_taken":20870,"minecraft:damage_absorbed":119,"minecraft:damage_dealt":17139,"tombstone:cast_on_ally":0,"minecraft:swim_one_cm":1545276,"minecraft:fly_one_cm":705764,"minecraft:open_chest":45,"minecraft:crouch_one_cm":2139,"tombstone:undead_killed":30,"minecraft:interact_with_smoker":1,"minecraft:fall_one_cm":46563},"minecraft:mined":{"minecraft:dark_prismarine":17,"minecraft:diamond_ore":3,"minecraft:tuff":1,"minecraft:sea_lantern":3,"minecraft:cave_vines_plant":7,"minecraft:cobbled_deepslate_slab":1,"minecraft:grass_block":3,"minecraft:decorated_pot":11,"minecraft:moss_block":6,"minecraft:large_fern":3,"minecraft:tall_seagrass":53,"minecraft:magma_block":18,"minecraft:raw_gold_block":2,"minecraft:fire":14,"minecraft:iron_ore":1,"minecraft:cobbled_deepslate":6,"minecraft:suspicious_sand":1,"minecraft:diamond_block":1,"minecraft:moss_carpet":5,"minecraft:gold_block":4,"minecraft:vine":1,"minecraft:cave_vines":13,"minecraft:iron_bars":1,"minecraft:azalea":2,"minecraft:stone":29,"minecraft:cut_sandstone":1,"minecraft:flowering_azalea":1,"minecraft:red_bed":2,"minecraft:kelp_plant":1,"minecraft:clay":29,"minecraft:torch":1,"minecraft:chest":2,"minecraft:tall_grass":30,"minecraft:cobblestone":13,"minecraft:oak_planks":3,"minecraft:wall_torch":2,"minecraft:big_dripleaf":6,"minecraft:seagrass":30,"lootr:trophy":2,"minecraft:grass":54,"minecraft:coal_ore":1,"minecraft:gravel":32,"minecraft:sand":41,"minecraft:dirt":6,"minecraft:cobweb":4,"minecraft:cracked_stone_bricks":1,"minecraft:small_dripleaf":1,"minecraft:mossy_stone_bricks":2,"minecraft:deepslate":36,"minecraft:emerald_block":3,"minecraft:fern":1},"minecraft:picked_up":{"minecraft:fishing_rod":2,"minecraft:clay_ball":64,"minecraft:prismarine_shard":9,"minecraft:enchanted_book":2,"minecraft:gold_block":4,"minecraft:potion":1,"minecraft:brick":4,"minecraft:string":5,"minecraft:red_bed":2,"minecraft:moss_carpet":20,"minecraft:explorer_pottery_sherd":4,"minecraft:cracked_stone_bricks":1,"minecraft:tnt_minecart":2,"minecraft:gold_nugget":8,"minecraft:cobbled_deepslate":8,"minecraft:azalea":6,"minecraft:iron_nugget":4,"minecraft:chest":2,"minecraft:egg":1,"minecraft:golden_helmet":1,"minecraft:raw_gold_block":2,"minecraft:big_dripleaf":21,"minecraft:torch":3,"tombstone:grave_dust":1,"minecraft:trident":2,"minecraft:carrot":1,"minecraft:redstone":6,"minecraft:prismarine_crystals":8,"minecraft:dark_oak_planks":16,"minecraft:arrow":1,"minecraft:rotten_flesh":18,"minecraft:decorated_pot":7,"farmersdelight:rope":4,"minecraft:glow_berries":20,"minecraft:mutton":6,"minecraft:iron_bars":1,"minecraft:cod":7,"minecraft:white_wool":4,"minecraft:rail":2,"minecraft:cobblestone":26,"minecraft:wet_sponge":1,"minecraft:stripped_oak_log":8,"minecraft:magma_block":15,"grimoireofgaia:metal_dagger":1,"minecraft:cut_sandstone":2,"minecraft:leather":18,"minecraft:golden_leggings":1,"minecraft:filled_map":2,"enigmaticlegacy:golem_heart":2,"minecraft:flint":17,"minecraft:tuff":2,"minecraft:acacia_boat":1,"minecraft:dirt":9,"lootr:trophy":2,"minecraft:lantern":3,"minecraft:bone":3,"minecraft:kelp":8,"minecraft:bow":1,"minecraft:wheat_seeds":8,"minecraft:cobbled_deepslate_slab":3,"tombstone:bag_of_seeds":2,"minecraft:moss_block":66,"minecraft:oak_planks":111,"minecraft:flowering_azalea":2,"minecraft:emerald_block":3,"waystones:mossy_waystone":4,"minecraft:poisonous_potato":5,"minecraft:gravel":27,"minecraft:sand":36,"minecraft:diamond_block":1,"minecraft:spider_eye":1,"grimoireofgaia:shiny_pearl":11,"minecraft:dark_prismarine":43,"enigmaticlegacy:ocean_stone":1,"minecraft:clay":1,"minecraft:diamond":1,"minecraft:angler_pottery_sherd":4,"minecraft:stone_axe":3,"knightquest:small_essence":5,"minecraft:emerald":1,"minecraft:plenty_pottery_sherd":4}},"DataVersion":3465}