{"stats":{"minecraft:killed":{"minecraft:zombie_villager":1,"minecraft:spider":2,"grimoireofgaia:cecaelia":2,"minecraft:creeper":1,"minecraft:zombie":6},"minecraft:used":{"minecraft:azalea":2,"minecraft:moss_block":36,"minecraft:trident":20,"minecraft:moss_carpet":14,"minecraft:oak_planks":12,"minecraft:chest":4,"minecraft:iron_sword":57,"minecraft:cooked_salmon":3,"minecraft:clay":7,"minecraft:rotten_flesh":3,"minecraft:torch":23,"minecraft:glow_berries":12,"minecraft:sand":9,"minecraft:crafting_table":1,"minecraft:tuff":1,"minecraft:big_dripleaf":12,"minecraft:diamond_pickaxe":2,"minecraft:flowering_azalea":2,"minecraft:raw_gold_block":2,"minecraft:gravel":11,"minecraft:stone_axe":48,"minecraft:bow":51,"minecraft:cobbled_deepslate_slab":1,"tombstone:gift":2,"minecraft:stripped_oak_log":8,"minecraft:cobbled_deepslate":3},"minecraft:picked_up":{"minecraft:stripped_oak_log":8,"minecraft:fishing_rod":1,"minecraft:clay_ball":43,"minecraft:leather":18,"enigmaticlegacy:golem_heart":2,"minecraft:enchanted_book":2,"minecraft:flint":13,"minecraft:tuff":1,"minecraft:string":5,"minecraft:moss_carpet":14,"minecraft:bow":1,"minecraft:wheat_seeds":8,"minecraft:tnt_minecart":2,"minecraft:cobbled_deepslate":3,"minecraft:cobbled_deepslate_slab":1,"minecraft:azalea":3,"minecraft:iron_nugget":1,"minecraft:moss_block":58,"minecraft:chest":2,"minecraft:oak_planks":12,"minecraft:flowering_azalea":2,"minecraft:golden_helmet":1,"minecraft:raw_gold_block":2,"minecraft:big_dripleaf":12,"minecraft:gravel":11,"minecraft:sand":28,"minecraft:trident":1,"minecraft:carrot":1,"minecraft:prismarine_crystals":4,"minecraft:spider_eye":1,"grimoireofgaia:shiny_pearl":2,"minecraft:dark_oak_planks":16,"minecraft:dark_prismarine":29,"minecraft:rotten_flesh":5,"minecraft:clay":1,"minecraft:diamond":1,"knightquest:small_essence":3,"farmersdelight:rope":2,"minecraft:glow_berries":19,"minecraft:rail":2},"minecraft:killed_by":{"grimoireofgaia:cecaelia":1,"grimoireofgaia:minotaurus":2,"minecraft:skeleton":1,"minecraft:creeper":1,"grimoireofgaia:spriggan":1,"minecraft:zombie":3,"minecraft:pillager":1,"grimoireofgaia:flesh_lich":1,"grimoireofgaia:werecat":1},"minecraft:custom":{"enigmaticlegacy:play_time_with_seven_curses":0,"lootr:looted_stat":20,"minecraft:interact_with_furnace":1,"minecraft:mob_kills":12,"enigmaticlegacy:play_time_without_seven_curses":97099,"minecraft:interact_with_crafting_table":7,"minecraft:damage_dealt_resisted":209,"minecraft:leave_game":5,"minecraft:time_since_death":16787,"minecraft:climb_one_cm":2824,"minecraft:time_since_rest":15132,"minecraft:sprint_one_cm":232133,"minecraft:damage_taken":5857,"minecraft:walk_one_cm":125491,"minecraft:drop":18,"minecraft:damage_dealt":2481,"minecraft:swim_one_cm":211023,"minecraft:fly_one_cm":274525,"minecraft:open_chest":15,"minecraft:crouch_one_cm":871,"minecraft:play_time":97586,"minecraft:deaths":15,"tombstone:undead_killed":7,"minecraft:sneak_time":5366,"minecraft:walk_under_water_one_cm":45451,"minecraft:jump":1288,"minecraft:walk_on_water_one_cm":30477,"minecraft:total_world_time":97586,"minecraft:fall_one_cm":17567},"minecraft:mined":{"minecraft:flowering_azalea":1,"minecraft:sea_lantern":2,"minecraft:clay":1,"minecraft:cave_vines_plant":1,"minecraft:chest":2,"minecraft:tall_grass":24,"minecraft:moss_block":1,"minecraft:big_dripleaf":2,"minecraft:large_fern":3,"minecraft:seagrass":5,"minecraft:tall_seagrass":4,"minecraft:raw_gold_block":2,"minecraft:moss_carpet":2,"minecraft:grass":44,"minecraft:cave_vines":3,"minecraft:vine":1,"minecraft:gravel":6,"minecraft:sand":34,"minecraft:cobweb":3,"minecraft:azalea":2,"minecraft:fern":1},"minecraft:dropped":{"minecraft:enchanted_book":2,"minecraft:moss_block":9,"minecraft:wheat_seeds":2,"minecraft:golden_helmet":2,"enigmaticlegacy:golem_heart":1,"minecraft:clay_ball":1,"minecraft:leather":18,"minecraft:trident":1,"minecraft:azalea":1,"farmersdelight:rope":2,"minecraft:bow":1,"minecraft:string":11,"minecraft:fishing_rod":1,"farmersdelight:tomato_seeds":2},"minecraft:crafted":{"minecraft:crafting_table":1,"sophisticatedbackpacks:gold_backpack":1,"minecraft:bone_meal":3,"minecraft:bread":8,"minecraft:diamond_pickaxe":1,"minecraft:chest":2,"minecraft:dark_oak_planks":20,"minecraft:clay":6,"sophisticatedbackpacks:iron_backpack":1}},"DataVersion":3465}