{"stats":{"minecraft:used":{"minecraft:azalea":9,"minecraft:trident":96,"minecraft:moss_block":47,"minecraft:moss_carpet":23,"minecraft:iron_bars":1,"minecraft:decorated_pot":8,"minecraft:chest":21,"minecraft:iron_sword":310,"lootr:trophy":3,"minecraft:rotten_flesh":3,"minecraft:cooked_salmon":17,"minecraft:oak_door":3,"minecraft:torch":58,"minecraft:dirt":9,"minecraft:salmon_bucket":1,"minecraft:tuff":2,"minecraft:big_dripleaf":47,"minecraft:flowering_azalea":3,"minecraft:iron_axe":27,"minecraft:raw_gold_block":2,"minecraft:bow":99,"tombstone:gift":4,"minecraft:egg":1,"minecraft:cobbled_deepslate":10,"minecraft:turtle_egg":1,"minecraft:golden_boots":1,"miners_delight:copper_carrot":1,"minecraft:acacia_boat":1,"minecraft:mossy_stone_bricks":1,"cardiac:life_bottle":9,"minecraft:glass_bottle":2,"minecraft:oak_planks":78,"minecraft:cut_sandstone":1,"minecraft:clay":58,"minecraft:golden_apple":3,"minecraft:glow_berries":21,"minecraft:sand":15,"minecraft:crafting_table":4,"minecraft:red_bed":2,"minecraft:sponge":14,"minecraft:cod":19,"minecraft:dark_prismarine":27,"minecraft:diamond_pickaxe":330,"minecraft:apple":14,"minecraft:bread":22,"waystones:mossy_waystone":4,"minecraft:deepslate":100,"minecraft:gravel":18,"minecraft:stone_axe":62,"minecraft:cobbled_deepslate_slab":3,"minecraft:potion":3,"minecraft:cobblestone":20,"minecraft:cooked_porkchop":3,"minecraft:bucket":1,"minecraft:stripped_oak_log":8,"minecraft:bone_meal":13},"minecraft:dropped":{"minecraft:golden_boots":10,"minecraft:moss_block":14,"minecraft:wheat_seeds":9,"minecraft:golden_helmet":7,"minecraft:diamond":13,"minecraft:lead":1,"minecraft:feather":3,"minecraft:poisonous_potato":5,"minecraft:cobblestone":18,"minecraft:lantern":2,"enigmaticlegacy:golem_heart":1,"minecraft:leather":18,"grimoireofgaia:shiny_pearl":4,"tombstone:bag_of_seeds":3,"enigmaticlegacy:ocean_stone":1,"minecraft:cooked_cod":55,"minecraft:cut_sandstone":1,"tombstone:grave_dust":4,"minecraft:potion":1,"minecraft:gold_nugget":8,"minecraft:string":15,"minecraft:fishing_rod":1,"minecraft:redstone":6,"minecraft:gravel":4,"minecraft:stone_axe":4,"minecraft:moss_carpet":4,"minecraft:compass":2,"minecraft:kelp":4,"minecraft:golden_chestplate":4,"minecraft:cobbled_deepslate":33,"minecraft:rotten_flesh":33,"minecraft:clay_ball":2,"minecraft:filled_map":4,"minecraft:trident":1,"minecraft:diamond_pickaxe":1,"minecraft:azalea":1,"minecraft:golden_leggings":4,"grimoireofgaia:metal_dagger":1,"farmersdelight:rope":4,"minecraft:bow":1,"minecraft:dark_prismarine":13,"minecraft:enchanted_book":2,"farmersdelight:tomato_seeds":2},"minecraft:killed_by":{"minecraft:creeper":1,"minecraft:spider":1,"minecraft:pillager":1,"minecraft:drowned":6,"grimoireofgaia:flesh_lich":1,"grimoireofgaia:werecat":2,"thermal:blitz":1,"grimoireofgaia:cecaelia":9,"grimoireofgaia:minotaurus":2,"cataclysm:deepling_brute":1,"minecraft:skeleton":3,"grimoireofgaia:spriggan":1,"minecraft:zombie":4,"grimoireofgaia:creep":1},"minecraft:crafted":{"minecraft:oak_door":3,"minecraft:oak_planks":248,"minecraft:bone_meal":168,"minecraft:diamond":9,"minecraft:raw_copper":18,"minecraft:chest":14,"minecraft:dark_oak_planks":20,"sophisticatedbackpacks:iron_backpack":2,"minecraft:deepslate":100,"minecraft:emerald":27,"minecraft:crafting_table":4,"sophisticatedbackpacks:gold_backpack":2,"minecraft:bread":20,"minecraft:air":0,"minecraft:paper":24,"minecraft:diamond_pickaxe":1,"minecraft:raw_gold":18,"sophisticatedbackpacks:diamond_backpack":1,"minecraft:gold_ingot":54,"minecraft:torch":92,"minecraft:sponge":20,"minecraft:clay":57},"minecraft:killed":{"minecraft:spider":3,"minecraft:skeleton":4,"grimoireofgaia:mimic":1,"minecraft:guardian":19,"minecraft:drowned":17,"thermal:blitz":2,"minecraft:zombie_villager":1,"minecraft:elder_guardian":1,"grimoireofgaia:cecaelia":5,"minecraft:creeper":3,"minecraft:sheep":4,"minecraft:zombie":9,"minecraft:glow_squid":1},"minecraft:broken":{"minecraft:golden_helmet":1},"minecraft:custom":{"enigmaticlegacy:play_time_with_seven_curses":0,"lootr:looted_stat":172,"minecraft:mob_kills":72,"minecraft:interact_with_crafting_table":18,"minecraft:open_barrel":5,"minecraft:damage_dealt_resisted":658,"minecraft:leave_game":8,"minecraft:time_since_death":26110,"minecraft:climb_one_cm":42579,"minecraft:sprint_one_cm":673149,"minecraft:walk_one_cm":315608,"minecraft:drop":113,"minecraft:play_noteblock":1,"minecraft:play_time":368670,"minecraft:sneak_time":11278,"minecraft:deaths":41,"minecraft:walk_under_water_one_cm":433947,"minecraft:boat_one_cm":4051,"minecraft:jump":3569,"minecraft:walk_on_water_one_cm":106750,"minecraft:total_world_time":368670,"minecraft:interact_with_furnace":15,"enigmaticlegacy:play_time_without_seven_curses":367357,"minecraft:tune_noteblock":3,"minecraft:sleep_in_bed":2,"minecraft:time_since_rest":25971,"minecraft:waystone_activated":6,"minecraft:damage_taken":22729,"minecraft:damage_absorbed":119,"minecraft:damage_dealt":17567,"tombstone:cast_on_ally":0,"minecraft:swim_one_cm":1597488,"minecraft:fly_one_cm":732122,"minecraft:open_chest":74,"minecraft:crouch_one_cm":2846,"tombstone:undead_killed":31,"minecraft:interact_with_smoker":1,"minecraft:fall_one_cm":62541},"minecraft:mined":{"minecraft:dark_prismarine":17,"minecraft:diamond_ore":3,"minecraft:tuff":1,"minecraft:sea_lantern":3,"minecraft:cave_vines_plant":21,"minecraft:cobbled_deepslate_slab":8,"minecraft:grass_block":3,"minecraft:decorated_pot":17,"minecraft:moss_block":13,"minecraft:large_fern":3,"minecraft:tall_seagrass":53,"minecraft:magma_block":18,"minecraft:raw_gold_block":2,"minecraft:fire":14,"minecraft:iron_ore":1,"minecraft:cobbled_deepslate":6,"minecraft:suspicious_sand":1,"minecraft:diamond_block":1,"minecraft:moss_carpet":5,"minecraft:big_dripleaf_stem":7,"minecraft:gold_block":4,"minecraft:vine":1,"minecraft:cave_vines":36,"minecraft:flowering_azalea_leaves":9,"minecraft:iron_bars":1,"minecraft:azalea_leaves":4,"minecraft:azalea":2,"minecraft:stone":29,"mekanism:deepslate_lead_ore":4,"minecraft:cut_sandstone":1,"minecraft:flowering_azalea":2,"minecraft:red_bed":2,"minecraft:kelp_plant":1,"minecraft:clay":47,"minecraft:torch":3,"minecraft:chest":6,"minecraft:cobblestone":13,"minecraft:tall_grass":37,"minecraft:oak_planks":8,"minecraft:wall_torch":3,"minecraft:big_dripleaf":8,"minecraft:seagrass":30,"lootr:trophy":2,"minecraft:grass":94,"minecraft:oak_log":1,"minecraft:coal_ore":1,"minecraft:gravel":32,"minecraft:sand":41,"minecraft:dirt":6,"minecraft:cobweb":4,"minecraft:cracked_stone_bricks":1,"minecraft:small_dripleaf":1,"minecraft:mossy_stone_bricks":2,"minecraft:deepslate":133,"minecraft:emerald_block":3,"minecraft:fern":1},"minecraft:picked_up":{"minecraft:fishing_rod":3,"minecraft:wheat":161,"minecraft:clay_ball":197,"minecraft:prismarine_shard":160,"alexscaves:cave_tablet":6,"minecraft:potion":1,"minecraft:gold_block":4,"minecraft:enchanted_book":2,"enigmaticlegacy:enigmatic_eye":1,"minecraft:brick":4,"minecraft:moss_carpet":24,"minecraft:string":8,"minecraft:red_bed":2,"minecraft:iron_axe":1,"minecraft:cooked_salmon":66,"minecraft:explorer_pottery_sherd":4,"enigmaticlegacy:thicc_scroll":12,"minecraft:iron_shovel":1,"minecraft:cracked_stone_bricks":1,"minecraft:tnt_minecart":2,"minecraft:gold_nugget":16,"minecraft:cobbled_deepslate":108,"tombstone:scroll_of_unstable_intangibility":1,"minecraft:azalea":20,"minecraft:iron_nugget":53,"minecraft:chest":7,"minecraft:egg":1,"minecraft:golden_helmet":6,"minecraft:stick":33,"minecraft:raw_iron":2,"minecraft:raw_gold_block":2,"minecraft:big_dripleaf":53,"minecraft:torch":13,"minecraft:porkchop":8,"tombstone:grave_dust":3,"minecraft:trident":3,"minecraft:carrot":1,"minecraft:redstone":6,"cardiac:life_bottle":39,"minecraft:golden_chestplate":4,"minecraft:prismarine_crystals":105,"minecraft:dark_oak_planks":16,"minecraft:arrow":19,"minecraft:rotten_flesh":20,"minecraft:decorated_pot":14,"minecraft:pumpkin_pie":36,"farmersdelight:rope":4,"minecraft:glow_berries":26,"minecraft:mutton":12,"minecraft:cod":23,"minecraft:iron_bars":1,"minecraft:rail":2,"minecraft:white_wool":4,"minecraft:cobblestone":26,"minecraft:wet_sponge":7,"minecraft:sponge":26,"minecraft:stripped_oak_log":8,"minecraft:magma_block":15,"grimoireofgaia:metal_dagger":1,"mekanism:raw_lead":4,"minecraft:salmon":47,"minecraft:cut_sandstone":2,"minecraft:leather":49,"minecraft:golden_leggings":5,"minecraft:filled_map":2,"enigmaticlegacy:golem_heart":2,"minecraft:flint":17,"minecraft:tuff":2,"minecraft:oak_log":37,"minecraft:golden_boots":10,"minecraft:acacia_boat":1,"minecraft:lantern":3,"minecraft:dirt":9,"lootr:trophy":2,"minecraft:weathered_cut_copper":53,"minecraft:bone":27,"minecraft:apple":13,"minecraft:kelp":8,"minecraft:bow":1,"minecraft:wheat_seeds":17,"minecraft:cobbled_deepslate_slab":25,"tombstone:tablet_of_guard":1,"gobber2:gobber2_globette":1,"tombstone:bag_of_seeds":2,"minecraft:moss_block":75,"minecraft:oak_planks":120,"minecraft:flowering_azalea":11,"minecraft:book":4,"minecraft:emerald_block":3,"endrem:lost_eye":3,"minecraft:axolotl_bucket":1,"waystones:mossy_waystone":4,"minecraft:poisonous_potato":5,"tombstone:scroll_of_feather_fall":1,"minecraft:gravel":27,"minecraft:lava_bucket":1,"minecraft:sand":38,"minecraft:diamond_block":1,"minecraft:spider_eye":1,"grimoireofgaia:shiny_pearl":11,"minecraft:dark_prismarine":43,"enigmaticlegacy:ocean_stone":1,"minecraft:clay":1,"minecraft:slime_ball":3,"minecraft:diamond":1,"minecraft:angler_pottery_sherd":4,"minecraft:stone_axe":3,"tombstone:scroll_of_knowledge":2,"tombstone:tablet_of_recall":1,"knightquest:small_essence":5,"minecraft:golden_apple":1,"minecraft:emerald":4,"minecraft:bread":53,"minecraft:plenty_pottery_sherd":4,"tombstone:magic_scroll":1,"minecraft:coal":51}},"DataVersion":3465}