{"stats":{"minecraft:killed":{"minecraft:spider":2,"minecraft:skeleton":3,"minecraft:drowned":9,"minecraft:zombie_villager":1,"grimoireofgaia:cecaelia":2,"minecraft:creeper":3,"minecraft:sheep":2,"minecraft:zombie":7,"minecraft:glow_squid":1},"minecraft:used":{"minecraft:azalea":2,"minecraft:moss_block":36,"minecraft:moss_carpet":15,"minecraft:trident":20,"minecraft:chest":4,"minecraft:iron_sword":176,"minecraft:cooked_salmon":3,"minecraft:rotten_flesh":3,"minecraft:torch":35,"minecraft:dirt":9,"minecraft:salmon_bucket":1,"minecraft:tuff":1,"minecraft:big_dripleaf":12,"minecraft:flowering_azalea":2,"minecraft:raw_gold_block":2,"minecraft:bow":76,"tombstone:gift":4,"minecraft:cobbled_deepslate":8,"minecraft:golden_boots":1,"miners_delight:copper_carrot":1,"minecraft:mossy_stone_bricks":1,"cardiac:life_bottle":5,"minecraft:glass_bottle":1,"minecraft:oak_planks":12,"minecraft:clay":31,"minecraft:golden_apple":2,"minecraft:glow_berries":20,"minecraft:sand":9,"minecraft:crafting_table":1,"minecraft:dark_prismarine":27,"minecraft:diamond_pickaxe":149,"minecraft:apple":2,"minecraft:bread":11,"minecraft:gravel":18,"minecraft:stone_axe":48,"minecraft:cobblestone":11,"minecraft:potion":2,"minecraft:cobbled_deepslate_slab":3,"minecraft:bucket":1,"minecraft:stripped_oak_log":8},"minecraft:picked_up":{"minecraft:fishing_rod":1,"minecraft:clay_ball":43,"minecraft:prismarine_shard":3,"minecraft:enchanted_book":2,"minecraft:moss_carpet":14,"minecraft:string":5,"minecraft:cracked_stone_bricks":1,"minecraft:tnt_minecart":2,"minecraft:cobbled_deepslate":8,"minecraft:azalea":3,"minecraft:iron_nugget":1,"minecraft:chest":2,"minecraft:golden_helmet":1,"minecraft:raw_gold_block":2,"minecraft:big_dripleaf":12,"minecraft:torch":2,"minecraft:trident":1,"minecraft:carrot":1,"minecraft:prismarine_crystals":4,"minecraft:dark_oak_planks":16,"minecraft:rotten_flesh":9,"minecraft:arrow":1,"farmersdelight:rope":2,"minecraft:glow_berries":19,"minecraft:mutton":4,"minecraft:white_wool":2,"minecraft:rail":2,"minecraft:cobblestone":23,"minecraft:stripped_oak_log":8,"minecraft:leather":18,"enigmaticlegacy:golem_heart":2,"minecraft:flint":17,"minecraft:tuff":1,"minecraft:dirt":9,"minecraft:bone":1,"minecraft:kelp":4,"minecraft:bow":1,"minecraft:wheat_seeds":8,"minecraft:cobbled_deepslate_slab":3,"minecraft:moss_block":58,"minecraft:flowering_azalea":2,"minecraft:oak_planks":12,"minecraft:gravel":25,"minecraft:sand":28,"minecraft:spider_eye":1,"grimoireofgaia:shiny_pearl":2,"minecraft:dark_prismarine":31,"minecraft:diamond":1,"minecraft:clay":1,"knightquest:small_essence":4},"minecraft:broken":{"minecraft:golden_helmet":1},"minecraft:killed_by":{"minecraft:creeper":1,"minecraft:spider":1,"minecraft:pillager":1,"grimoireofgaia:flesh_lich":1,"grimoireofgaia:werecat":2,"grimoireofgaia:cecaelia":2,"grimoireofgaia:minotaurus":2,"cataclysm:deepling_brute":1,"minecraft:skeleton":3,"grimoireofgaia:spriggan":1,"minecraft:zombie":4},"minecraft:custom":{"enigmaticlegacy:play_time_with_seven_curses":0,"lootr:looted_stat":34,"minecraft:mob_kills":32,"minecraft:interact_with_crafting_table":7,"minecraft:damage_dealt_resisted":209,"minecraft:leave_game":5,"minecraft:climb_one_cm":5551,"minecraft:time_since_death":3358,"minecraft:sprint_one_cm":389465,"minecraft:walk_one_cm":185443,"minecraft:drop":22,"minecraft:play_time":157586,"minecraft:deaths":23,"minecraft:sneak_time":6407,"minecraft:walk_under_water_one_cm":92807,"minecraft:jump":2107,"minecraft:walk_on_water_one_cm":55715,"minecraft:total_world_time":157586,"minecraft:interact_with_furnace":3,"enigmaticlegacy:play_time_without_seven_curses":156843,"minecraft:time_since_rest":2271,"minecraft:damage_taken":11898,"minecraft:damage_absorbed":80,"minecraft:damage_dealt":6006,"tombstone:cast_on_ally":0,"minecraft:fly_one_cm":430567,"minecraft:swim_one_cm":386785,"minecraft:open_chest":19,"minecraft:crouch_one_cm":1983,"tombstone:undead_killed":20,"minecraft:fall_one_cm":31278},"minecraft:mined":{"minecraft:dark_prismarine":13,"minecraft:diamond_ore":3,"minecraft:sea_lantern":2,"minecraft:cave_vines_plant":7,"minecraft:cobbled_deepslate_slab":1,"minecraft:grass_block":3,"minecraft:moss_block":3,"minecraft:large_fern":3,"minecraft:tall_seagrass":43,"minecraft:raw_gold_block":2,"minecraft:iron_ore":1,"minecraft:cobbled_deepslate":6,"minecraft:moss_carpet":3,"minecraft:cave_vines":12,"minecraft:vine":1,"minecraft:azalea":2,"minecraft:stone":23,"minecraft:flowering_azalea":1,"minecraft:kelp_plant":1,"minecraft:clay":24,"minecraft:torch":1,"minecraft:chest":2,"minecraft:tall_grass":29,"minecraft:cobblestone":10,"minecraft:wall_torch":2,"minecraft:big_dripleaf":2,"minecraft:seagrass":29,"minecraft:grass":52,"minecraft:coal_ore":1,"minecraft:dirt":6,"minecraft:gravel":32,"minecraft:sand":34,"minecraft:cobweb":4,"minecraft:cracked_stone_bricks":1,"minecraft:mossy_stone_bricks":2,"minecraft:deepslate":34,"minecraft:fern":1},"minecraft:dropped":{"farmersdelight:tomato_seeds":2,"minecraft:enchanted_book":2,"minecraft:moss_block":9,"minecraft:wheat_seeds":2,"minecraft:golden_helmet":2,"minecraft:diamond":13,"minecraft:cobblestone":18,"enigmaticlegacy:golem_heart":1,"minecraft:leather":18,"minecraft:string":11,"minecraft:fishing_rod":1,"minecraft:rotten_flesh":1,"minecraft:clay_ball":1,"minecraft:trident":1,"minecraft:diamond_pickaxe":1,"minecraft:azalea":1,"farmersdelight:rope":2,"minecraft:bow":1},"minecraft:crafted":{"minecraft:bone_meal":3,"minecraft:chest":2,"minecraft:dark_oak_planks":20,"sophisticatedbackpacks:iron_backpack":1,"minecraft:crafting_table":1,"sophisticatedbackpacks:gold_backpack":1,"minecraft:bread":8,"minecraft:diamond_pickaxe":1,"minecraft:torch":32,"minecraft:clay":30}},"DataVersion":3465}