{"stats":{"minecraft:killed":{"minecraft:zombie_villager":1,"minecraft:spider":2,"grimoireofgaia:cecaelia":2,"minecraft:creeper":1,"minecraft:zombie":7},"minecraft:used":{"minecraft:azalea":2,"minecraft:moss_block":36,"minecraft:trident":20,"minecraft:moss_carpet":14,"minecraft:oak_planks":12,"minecraft:chest":4,"minecraft:iron_sword":66,"minecraft:cooked_salmon":3,"minecraft:clay":31,"minecraft:rotten_flesh":3,"minecraft:torch":23,"minecraft:glow_berries":12,"minecraft:sand":9,"minecraft:crafting_table":1,"minecraft:salmon_bucket":1,"minecraft:tuff":1,"minecraft:big_dripleaf":12,"minecraft:diamond_pickaxe":59,"minecraft:flowering_azalea":2,"minecraft:bread":3,"minecraft:raw_gold_block":2,"minecraft:gravel":11,"minecraft:stone_axe":48,"minecraft:bow":51,"minecraft:cobbled_deepslate_slab":3,"minecraft:bucket":1,"tombstone:gift":2,"minecraft:stripped_oak_log":8,"minecraft:cobbled_deepslate":8},"minecraft:picked_up":{"minecraft:stripped_oak_log":8,"minecraft:fishing_rod":1,"minecraft:clay_ball":43,"minecraft:leather":18,"enigmaticlegacy:golem_heart":2,"minecraft:enchanted_book":2,"minecraft:flint":13,"minecraft:tuff":1,"minecraft:string":5,"minecraft:moss_carpet":14,"minecraft:bow":1,"minecraft:wheat_seeds":8,"minecraft:tnt_minecart":2,"minecraft:cobbled_deepslate":8,"minecraft:cobbled_deepslate_slab":3,"minecraft:azalea":3,"minecraft:iron_nugget":1,"minecraft:moss_block":58,"minecraft:chest":2,"minecraft:oak_planks":12,"minecraft:flowering_azalea":2,"minecraft:golden_helmet":1,"minecraft:raw_gold_block":2,"minecraft:big_dripleaf":12,"minecraft:gravel":11,"minecraft:sand":28,"minecraft:trident":1,"minecraft:carrot":1,"minecraft:prismarine_crystals":4,"minecraft:spider_eye":1,"grimoireofgaia:shiny_pearl":2,"minecraft:dark_oak_planks":16,"minecraft:dark_prismarine":29,"minecraft:rotten_flesh":5,"minecraft:clay":1,"minecraft:diamond":1,"knightquest:small_essence":3,"farmersdelight:rope":2,"minecraft:glow_berries":19,"minecraft:rail":2},"minecraft:killed_by":{"grimoireofgaia:cecaelia":1,"grimoireofgaia:minotaurus":2,"minecraft:skeleton":1,"minecraft:creeper":1,"grimoireofgaia:spriggan":1,"minecraft:zombie":4,"minecraft:pillager":1,"grimoireofgaia:flesh_lich":1,"grimoireofgaia:werecat":1},"minecraft:custom":{"enigmaticlegacy:play_time_with_seven_curses":0,"lootr:looted_stat":23,"minecraft:interact_with_furnace":2,"minecraft:mob_kills":13,"enigmaticlegacy:play_time_without_seven_curses":109069,"minecraft:interact_with_crafting_table":7,"minecraft:damage_dealt_resisted":209,"minecraft:leave_game":5,"minecraft:time_since_death":2877,"minecraft:climb_one_cm":3153,"minecraft:time_since_rest":1784,"minecraft:sprint_one_cm":267933,"minecraft:damage_taken":6227,"minecraft:walk_one_cm":144551,"minecraft:drop":18,"minecraft:damage_dealt":2797,"minecraft:swim_one_cm":211757,"minecraft:fly_one_cm":277037,"minecraft:open_chest":16,"minecraft:crouch_one_cm":981,"minecraft:play_time":109586,"minecraft:deaths":16,"tombstone:undead_killed":8,"minecraft:sneak_time":5446,"minecraft:walk_under_water_one_cm":46460,"minecraft:jump":1362,"minecraft:walk_on_water_one_cm":34372,"minecraft:total_world_time":109586,"minecraft:fall_one_cm":17836},"minecraft:mined":{"minecraft:flowering_azalea":1,"minecraft:sea_lantern":2,"minecraft:torch":1,"minecraft:clay":24,"minecraft:cave_vines_plant":5,"minecraft:cobbled_deepslate_slab":1,"minecraft:chest":2,"minecraft:tall_grass":26,"minecraft:moss_block":2,"minecraft:big_dripleaf":2,"minecraft:large_fern":3,"minecraft:seagrass":5,"minecraft:tall_seagrass":4,"minecraft:raw_gold_block":2,"minecraft:cobbled_deepslate":3,"minecraft:moss_carpet":2,"minecraft:grass":47,"minecraft:cave_vines":12,"minecraft:vine":1,"minecraft:gravel":11,"minecraft:sand":34,"minecraft:cobweb":3,"minecraft:azalea":2,"minecraft:deepslate":34,"minecraft:fern":1},"minecraft:dropped":{"minecraft:enchanted_book":2,"minecraft:moss_block":9,"minecraft:wheat_seeds":2,"minecraft:golden_helmet":2,"enigmaticlegacy:golem_heart":1,"minecraft:clay_ball":1,"minecraft:leather":18,"minecraft:trident":1,"minecraft:azalea":1,"farmersdelight:rope":2,"minecraft:bow":1,"minecraft:string":11,"minecraft:fishing_rod":1,"farmersdelight:tomato_seeds":2},"minecraft:crafted":{"minecraft:crafting_table":1,"sophisticatedbackpacks:gold_backpack":1,"minecraft:bone_meal":3,"minecraft:bread":8,"minecraft:diamond_pickaxe":1,"minecraft:chest":2,"minecraft:dark_oak_planks":20,"minecraft:clay":30,"sophisticatedbackpacks:iron_backpack":1}},"DataVersion":3465}