{"stats":{"minecraft:killed":{"minecraft:zombie_villager":1,"minecraft:spider":2,"grimoireofgaia:cecaelia":2,"minecraft:zombie":4},"minecraft:used":{"minecraft:azalea":1,"minecraft:moss_block":23,"minecraft:moss_carpet":13,"minecraft:trident":20,"minecraft:oak_planks":10,"minecraft:iron_sword":23,"minecraft:clay":7,"minecraft:cooked_salmon":1,"minecraft:rotten_flesh":3,"minecraft:torch":10,"minecraft:glow_berries":4,"minecraft:sand":9,"minecraft:big_dripleaf":1,"minecraft:flowering_azalea":2,"minecraft:gravel":11,"minecraft:stone_axe":48,"minecraft:bow":46,"tombstone:gift":2,"minecraft:stripped_oak_log":8},"minecraft:picked_up":{"minecraft:stripped_oak_log":8,"minecraft:fishing_rod":1,"minecraft:clay_ball":28,"minecraft:leather":18,"minecraft:enchanted_book":2,"minecraft:flint":4,"minecraft:string":2,"minecraft:moss_carpet":13,"minecraft:bow":1,"minecraft:wheat_seeds":2,"minecraft:tnt_minecart":2,"minecraft:azalea":1,"minecraft:iron_nugget":1,"minecraft:moss_block":36,"minecraft:oak_planks":10,"minecraft:flowering_azalea":2,"minecraft:big_dripleaf":8,"minecraft:gravel":11,"minecraft:sand":28,"minecraft:trident":1,"minecraft:carrot":1,"minecraft:prismarine_crystals":4,"minecraft:spider_eye":1,"grimoireofgaia:shiny_pearl":2,"minecraft:rotten_flesh":1,"minecraft:clay":1,"knightquest:small_essence":2,"minecraft:glow_berries":7,"minecraft:rail":1},"minecraft:killed_by":{"grimoireofgaia:cecaelia":1,"grimoireofgaia:minotaurus":2,"minecraft:skeleton":1,"minecraft:creeper":1,"grimoireofgaia:spriggan":1,"minecraft:zombie":1,"minecraft:pillager":1,"grimoireofgaia:werecat":1},"minecraft:custom":{"enigmaticlegacy:play_time_with_seven_curses":0,"lootr:looted_stat":19,"minecraft:interact_with_furnace":1,"minecraft:mob_kills":9,"enigmaticlegacy:play_time_without_seven_curses":64809,"minecraft:interact_with_crafting_table":1,"minecraft:damage_dealt_resisted":209,"minecraft:leave_game":4,"minecraft:time_since_death":18626,"minecraft:climb_one_cm":2003,"minecraft:time_since_rest":17298,"minecraft:sprint_one_cm":142322,"minecraft:damage_taken":4683,"minecraft:walk_one_cm":76866,"minecraft:drop":9,"minecraft:damage_dealt":1781,"minecraft:fly_one_cm":215241,"minecraft:swim_one_cm":185473,"minecraft:open_chest":4,"minecraft:crouch_one_cm":443,"minecraft:play_time":65213,"minecraft:deaths":12,"tombstone:undead_killed":5,"minecraft:sneak_time":4931,"minecraft:walk_under_water_one_cm":44933,"minecraft:jump":884,"minecraft:walk_on_water_one_cm":21714,"minecraft:total_world_time":65213,"minecraft:fall_one_cm":11612},"minecraft:mined":{"minecraft:flowering_azalea":1,"minecraft:sea_lantern":2,"minecraft:clay":1,"minecraft:cave_vines_plant":1,"minecraft:tall_grass":6,"minecraft:big_dripleaf":1,"minecraft:large_fern":3,"minecraft:seagrass":5,"minecraft:tall_seagrass":4,"minecraft:moss_carpet":2,"minecraft:grass":8,"minecraft:cave_vines":3,"minecraft:gravel":6,"minecraft:sand":34,"minecraft:azalea":1,"minecraft:fern":1},"minecraft:dropped":{"minecraft:enchanted_book":2,"minecraft:clay_ball":1,"minecraft:leather":18,"minecraft:trident":1,"minecraft:bow":1,"minecraft:fishing_rod":1},"minecraft:crafted":{"minecraft:clay":6}},"DataVersion":3465}