{"stats":{"minecraft:used":{"minecraft:moss_block":48,"minecraft:moss_carpet":23,"minecraft:decorated_pot":8,"minecraft:chest":23,"minecraft:iron_sword":310,"minecraft:creeper_head":1,"lootr:trophy":3,"minecraft:rotten_flesh":3,"minecraft:tuff":2,"minecraft:big_dripleaf":47,"minecraft:raw_gold_block":2,"minecraft:bow":99,"minecraft:cooked_cod":2,"minecraft:egg":1,"minecraft:golden_boots":1,"miners_delight:copper_carrot":1,"minecraft:mossy_stone_bricks":1,"cardiac:life_bottle":9,"minecraft:oak_planks":78,"minecraft:clay":69,"minecraft:golden_apple":3,"minecraft:glow_berries":24,"minecraft:sand":15,"minecraft:sponge":14,"minecraft:bread":22,"minecraft:deepslate":100,"minecraft:gravel":18,"tombstone:familiar_stone":2,"minecraft:bone_meal":13,"minecraft:azalea":9,"minecraft:trident":101,"minecraft:iron_bars":1,"minecraft:cooked_salmon":17,"minecraft:oak_door":3,"minecraft:torch":58,"minecraft:dirt":9,"minecraft:salmon_bucket":1,"minecraft:flowering_azalea":3,"majruszsdifficulty:elder_guardian_treasure_bag":1,"minecraft:iron_axe":27,"tombstone:gift":4,"minecraft:cobbled_deepslate":10,"minecraft:turtle_egg":2,"minecraft:acacia_boat":1,"minecraft:glass_bottle":2,"minecraft:cut_sandstone":1,"minecraft:crafting_table":5,"minecraft:red_bed":4,"minecraft:cod":19,"minecraft:dark_prismarine":27,"minecraft:diamond_pickaxe":330,"minecraft:apple":14,"waystones:mossy_waystone":4,"minecraft:stone_axe":62,"minecraft:cobblestone":20,"minecraft:potion":3,"minecraft:cobbled_deepslate_slab":3,"minecraft:cooked_porkchop":3,"minecraft:bucket":1,"minecraft:stripped_oak_log":8},"minecraft:dropped":{"minecraft:moss_block":14,"minecraft:diamond":13,"minecraft:lantern":2,"minecraft:leather":18,"tombstone:bag_of_seeds":3,"enigmaticlegacy:ocean_stone":1,"minecraft:cooked_cod":55,"minecraft:cut_sandstone":1,"minecraft:gold_nugget":8,"minecraft:sand":2,"minecraft:fishing_rod":1,"minecraft:gravel":4,"minecraft:stone_axe":5,"minecraft:compass":2,"minecraft:golden_chestplate":4,"minecraft:cobbled_deepslate":33,"minecraft:rotten_flesh":37,"minecraft:trident":1,"minecraft:azalea":11,"grimoireofgaia:metal_dagger":1,"farmersdelight:rope":4,"farmersdelight:tomato_seeds":2,"minecraft:enchanted_book":2,"minecraft:golden_boots":10,"minecraft:wheat_seeds":10,"minecraft:golden_helmet":7,"minecraft:poisonous_potato":15,"minecraft:feather":3,"minecraft:cobblestone":18,"minecraft:lead":1,"enigmaticlegacy:golem_heart":1,"minecraft:explorer_pottery_sherd":4,"grimoireofgaia:shiny_pearl":4,"tombstone:grave_dust":6,"minecraft:potion":1,"minecraft:flowering_azalea":8,"minecraft:string":16,"minecraft:redstone":6,"minecraft:moss_carpet":4,"minecraft:kelp":4,"minecraft:clay_ball":3,"minecraft:filled_map":4,"minecraft:big_dripleaf":6,"minecraft:diamond_pickaxe":1,"minecraft:golden_leggings":4,"minecraft:bow":1,"minecraft:dark_prismarine":13,"minecraft:brick":4},"minecraft:killed_by":{"minecraft:creeper":1,"minecraft:pillager":1,"minecraft:drowned":6,"grimoireofgaia:cecaelia":9,"grimoireofgaia:minotaurus":2,"cataclysm:deepling_brute":1,"grimoireofgaia:spriggan":1,"minecraft:zombie":4,"minecraft:spider":1,"grimoireofgaia:flesh_lich":1,"grimoireofgaia:werecat":2,"thermal:blitz":1,"minecraft:skeleton":3,"grimoireofgaia:creep":1},"minecraft:crafted":{"minecraft:oak_planks":248,"minecraft:raw_copper":18,"minecraft:chest":14,"minecraft:deepslate":100,"knightquest:great_essence":1,"minecraft:emerald":27,"minecraft:crafting_table":5,"minecraft:paper":24,"minecraft:diamond_pickaxe":1,"sophisticatedbackpacks:diamond_backpack":2,"minecraft:iron_ingot":14,"minecraft:gold_ingot":68,"minecraft:sponge":20,"minecraft:oak_door":3,"minecraft:bone_meal":168,"minecraft:diamond":9,"minecraft:dark_oak_planks":20,"sophisticatedbackpacks:iron_backpack":2,"sophisticatedbackpacks:gold_backpack":2,"minecraft:bread":73,"minecraft:air":0,"minecraft:raw_gold":18,"minecraft:torch":92,"minecraft:clay":68},"minecraft:killed":{"minecraft:spider":3,"minecraft:skeleton":4,"grimoireofgaia:mimic":1,"minecraft:guardian":19,"thermal:blitz":2,"minecraft:zombie_villager":1,"minecraft:elder_guardian":1,"minecraft:creeper":3,"minecraft:sheep":4,"minecraft:zombie":10,"minecraft:glow_squid":1,"grimoireofgaia:creep":1,"minecraft:drowned":17,"grimoireofgaia:cecaelia":5},"minecraft:broken":{"minecraft:golden_helmet":1},"minecraft:custom":{"enigmaticlegacy:play_time_with_seven_curses":0,"lootr:looted_stat":172,"minecraft:interact_with_crafting_table":21,"minecraft:open_barrel":5,"minecraft:leave_game":8,"minecraft:time_since_death":50110,"minecraft:sprint_one_cm":683406,"minecraft:drop":131,"minecraft:play_noteblock":1,"minecraft:play_time":392670,"minecraft:deaths":41,"minecraft:jump":3595,"minecraft:walk_on_water_one_cm":108832,"minecraft:interact_with_furnace":15,"minecraft:sleep_in_bed":2,"minecraft:waystone_activated":6,"minecraft:damage_dealt":18168,"minecraft:crouch_one_cm":2846,"tombstone:undead_killed":32,"minecraft:interact_with_smoker":1,"minecraft:mob_kills":74,"minecraft:damage_dealt_resisted":658,"minecraft:climb_one_cm":42779,"minecraft:walk_one_cm":337785,"minecraft:walk_under_water_one_cm":433947,"minecraft:sneak_time":11278,"minecraft:boat_one_cm":4051,"minecraft:total_world_time":392670,"enigmaticlegacy:play_time_without_seven_curses":391357,"minecraft:tune_noteblock":3,"minecraft:time_since_rest":49971,"minecraft:damage_taken":22881,"minecraft:damage_absorbed":119,"tombstone:cast_on_ally":0,"minecraft:swim_one_cm":1597488,"minecraft:fly_one_cm":733313,"minecraft:open_chest":181,"minecraft:fall_one_cm":63694},"minecraft:mined":{"minecraft:cave_vines_plant":21,"minecraft:grass_block":3,"minecraft:tall_seagrass":53,"minecraft:magma_block":18,"minecraft:cobbled_deepslate":6,"minecraft:iron_ore":1,"minecraft:fire":14,"minecraft:moss_carpet":5,"minecraft:cave_vines":36,"minecraft:flowering_azalea_leaves":9,"minecraft:iron_bars":1,"minecraft:azalea_leaves":4,"minecraft:azalea":2,"minecraft:cut_sandstone":1,"minecraft:red_bed":3,"minecraft:kelp_plant":1,"minecraft:clay":47,"minecraft:torch":3,"minecraft:chest":8,"minecraft:cobblestone":13,"minecraft:oak_planks":8,"minecraft:wall_torch":3,"minecraft:seagrass":30,"lootr:trophy":2,"minecraft:grass":94,"minecraft:oak_log":1,"minecraft:sand":41,"minecraft:dirt":6,"minecraft:deepslate":133,"minecraft:emerald_block":3,"minecraft:dark_prismarine":17,"minecraft:diamond_ore":3,"minecraft:tuff":1,"minecraft:sea_lantern":3,"minecraft:cobbled_deepslate_slab":8,"minecraft:decorated_pot":17,"minecraft:moss_block":13,"minecraft:large_fern":3,"minecraft:raw_gold_block":2,"minecraft:suspicious_sand":1,"minecraft:diamond_block":1,"minecraft:gold_block":4,"minecraft:big_dripleaf_stem":7,"minecraft:vine":1,"minecraft:stone":29,"mekanism:deepslate_lead_ore":4,"minecraft:flowering_azalea":2,"minecraft:tall_grass":37,"minecraft:big_dripleaf":8,"minecraft:coal_ore":1,"minecraft:gravel":32,"minecraft:cobweb":4,"minecraft:cracked_stone_bricks":1,"minecraft:small_dripleaf":1,"minecraft:mossy_stone_bricks":2,"minecraft:fern":1},"minecraft:picked_up":{"minecraft:wheat":161,"minecraft:prismarine_shard":182,"alexscaves:cave_tablet":6,"minecraft:enchanted_book":2,"minecraft:potion":2,"enigmaticlegacy:enigmatic_eye":1,"minecraft:string":8,"minecraft:cooked_salmon":66,"minecraft:explorer_pottery_sherd":12,"enigmaticlegacy:thicc_scroll":12,"minecraft:tnt_minecart":4,"minecraft:gold_nugget":16,"minecraft:cobbled_deepslate":108,"minecraft:azalea":20,"minecraft:golden_helmet":6,"minecraft:stick":33,"minecraft:big_dripleaf":53,"minecraft:torch":13,"minecraft:porkchop":8,"tombstone:grave_dust":3,"minecraft:golden_chestplate":4,"minecraft:rotten_flesh":22,"farmersdelight:rope":4,"minecraft:iron_bars":1,"minecraft:cod":23,"minecraft:cobblestone":26,"minecraft:sponge":26,"minecraft:magma_block":15,"grimoireofgaia:metal_dagger":1,"minecraft:oxidized_copper":9,"minecraft:golden_leggings":5,"enigmaticlegacy:golem_heart":2,"minecraft:flint":17,"minecraft:tuff":2,"minecraft:acacia_boat":1,"lootr:trophy":2,"minecraft:lapis_lazuli":16,"minecraft:dirt":9,"minecraft:lantern":3,"minecraft:weathered_cut_copper":53,"minecraft:bone":27,"minecraft:bow":1,"minecraft:wheat_seeds":17,"minecraft:cobbled_deepslate_slab":25,"gobber2:gobber2_globette":1,"tombstone:scroll_of_reach":1,"minecraft:moss_block":75,"minecraft:oak_planks":120,"endrem:lost_eye":3,"minecraft:axolotl_bucket":1,"minecraft:poisonous_potato":10,"tombstone:scroll_of_feather_fall":1,"minecraft:sand":38,"minecraft:diamond_block":1,"grimoireofgaia:shiny_pearl":11,"minecraft:dark_prismarine":43,"enigmaticlegacy:ocean_stone":1,"minecraft:clay":1,"minecraft:diamond":1,"minecraft:angler_pottery_sherd":4,"tombstone:tablet_of_recall":1,"knightquest:small_essence":7,"minecraft:golden_apple":1,"minecraft:bread":53,"minecraft:emerald":4,"minecraft:plenty_pottery_sherd":8,"minecraft:fishing_rod":3,"minecraft:clay_ball":197,"enigmaticlegacy:lore_fragment":4,"minecraft:gold_block":4,"tombstone:scroll_of_preservation":1,"minecraft:brick":4,"minecraft:red_bed":3,"minecraft:moss_carpet":24,"minecraft:iron_axe":1,"minecraft:iron_shovel":1,"minecraft:cracked_stone_bricks":1,"tombstone:scroll_of_unstable_intangibility":1,"minecraft:iron_nugget":54,"tombstone:tablet_of_assistance":1,"minecraft:chest":9,"minecraft:egg":1,"minecraft:raw_iron":2,"minecraft:raw_gold_block":2,"minecraft:trident":3,"minecraft:carrot":1,"minecraft:redstone":12,"cardiac:life_bottle":39,"minecraft:prismarine_crystals":192,"minecraft:dark_oak_planks":16,"minecraft:tnt":3,"minecraft:arrow":19,"minecraft:cooked_cod":2,"minecraft:decorated_pot":18,"minecraft:pumpkin_pie":42,"minecraft:glow_berries":26,"minecraft:mutton":12,"minecraft:white_wool":4,"minecraft:rail":2,"minecraft:wet_sponge":7,"minecraft:stripped_oak_log":8,"mekanism:raw_lead":4,"minecraft:salmon":47,"minecraft:leather":49,"minecraft:cut_sandstone":2,"minecraft:filled_map":2,"minecraft:oak_log":37,"minecraft:golden_boots":10,"minecraft:gunpowder":37,"minecraft:paper":35,"minecraft:apple":13,"minecraft:kelp":8,"minecraft:heart_of_the_sea":1,"tombstone:tablet_of_guard":1,"tombstone:bag_of_seeds":2,"minecraft:flowering_azalea":11,"minecraft:oxidized_cut_copper":49,"minecraft:book":4,"minecraft:emerald_block":3,"waystones:mossy_waystone":4,"minecraft:gravel":27,"minecraft:weathered_copper":13,"minecraft:lava_bucket":2,"minecraft:spider_eye":1,"minecraft:sea_lantern":35,"tombstone:scroll_of_true_sight":1,"minecraft:slime_ball":3,"minecraft:stone_axe":4,"tombstone:scroll_of_knowledge":2,"tombstone:magic_scroll":3,"minecraft:coal":51}},"DataVersion":3465}