{"stats":{"minecraft:dropped":{"minecraft:clay":1,"minecraft:moss_block":14,"minecraft:brown_mushroom":2,"minecraft:polished_granite_slab":1,"minecraft:oak_log":5,"minecraft:diamond":13,"minecraft:lantern":3,"minecraft:leather":18,"minecraft:red_mushroom":6,"minecraft:dirt":3,"tombstone:bag_of_seeds":3,"minecraft:waxed_weathered_cut_copper_slab":1,"enigmaticlegacy:ocean_stone":1,"minecraft:cooked_cod":55,"minecraft:cut_sandstone":1,"minecraft:gold_nugget":8,"minecraft:sand":2,"minecraft:fishing_rod":1,"minecraft:gravel":5,"minecraft:stone_axe":5,"minecraft:compass":2,"minecraft:iron_nugget":1,"minecraft:golden_chestplate":4,"minecraft:cobbled_deepslate":41,"minecraft:birch_sapling":1,"minecraft:rotten_flesh":38,"minecraft:tipped_arrow":1,"minecraft:trident":1,"minecraft:charcoal":1,"minecraft:azalea":13,"grimoireofgaia:metal_dagger":1,"farmersdelight:rope":4,"minecraft:enchanted_book":2,"farmersdelight:tomato_seeds":2,"minecraft:golden_boots":10,"minecraft:wheat_seeds":12,"minecraft:golden_helmet":7,"farmersdelight:skillet":1,"minecraft:mossy_cobblestone":8,"minecraft:poisonous_potato":15,"minecraft:feather":5,"minecraft:cobblestone":19,"minecraft:lead":1,"enigmaticlegacy:golem_heart":1,"minecraft:explorer_pottery_sherd":4,"grimoireofgaia:shiny_pearl":7,"tombstone:grave_dust":6,"minecraft:potion":1,"minecraft:flowering_azalea":8,"minecraft:string":24,"minecraft:redstone":6,"minecraft:moss_carpet":4,"minecraft:kelp":258,"minecraft:tuff":2,"minecraft:clay_ball":3,"minecraft:filled_map":4,"minecraft:big_dripleaf":6,"minecraft:diamond_pickaxe":1,"minecraft:golden_leggings":4,"minecraft:spider_eye":5,"minecraft:barrel":1,"minecraft:bow":1,"minecraft:wooden_pickaxe":1,"minecraft:dark_prismarine":13,"minecraft:brick":4},"minecraft:crafted":{"minecraft:oak_planks":264,"dustrial_decor:cardboard_boots":1,"thermal:iron_dust":8,"minecraft:iron_boots":1,"minecraft:raw_copper":27,"minecraft:chest":14,"minecraft:magenta_dye":1,"minecraft:raw_iron_block":1,"minecraft:deepslate":100,"knightquest:great_essence":1,"minecraft:emerald":108,"minecraft:crafting_table":5,"minecraft:wooden_pickaxe":2,"minecraft:iron_helmet":2,"dustrial_decor:cardboard":42,"farmersdelight:cutting_board":1,"minecraft:iron_chestplate":1,"minecraft:paper":24,"minecraft:charcoal":2,"minecraft:diamond_pickaxe":1,"minecraft:shield":1,"sophisticatedbackpacks:diamond_backpack":2,"minecraft:iron_pickaxe":1,"minecraft:iron_ingot":18,"minecraft:gold_ingot":131,"minecraft:sponge":20,"minecraft:oak_door":3,"minecraft:leather_leggings":1,"minecraft:leather_boots":1,"minecraft:bone_meal":171,"minecraft:raw_copper_block":3,"minecraft:diamond":18,"minecraft:stone_pickaxe":1,"minecraft:diamond_boots":1,"minecraft:dark_oak_planks":20,"sophisticatedbackpacks:iron_backpack":2,"minecraft:cooked_beef":10,"dustrial_decor:cardboard_helmet":1,"minecraft:leather_helmet":1,"sophisticatedbackpacks:gold_backpack":2,"minecraft:bread":73,"minecraft:air":0,"justhammers:iron_hammer":1,"minecraft:white_dye":3,"minecraft:raw_gold":18,"dustrial_decor:cardboard_leggings":1,"minecraft:iron_leggings":2,"minecraft:torch":92,"minecraft:clay":68,"minecraft:diamond_chestplate":1},"minecraft:broken":{"minecraft:golden_helmet":1,"minecraft:iron_leggings":1,"minecraft:iron_helmet":1},"minecraft:used":{"minecraft:moss_block":48,"minecraft:moss_carpet":23,"minecraft:decorated_pot":8,"minecraft:chest":23,"minecraft:iron_sword":310,"minecraft:creeper_head":1,"lootr:trophy":3,"minecraft:rotten_flesh":3,"minecraft:tuff":2,"minecraft:big_dripleaf":47,"minecraft:lantern":3,"minecraft:wet_sponge":1,"minecraft:iron_helmet":1,"minecraft:raw_gold_block":2,"farmersdelight:cutting_board":1,"minecraft:bow":122,"minecraft:furnace":2,"minecraft:cooked_cod":2,"minecraft:egg":1,"minecraft:golden_boots":1,"miners_delight:copper_carrot":1,"minecraft:mossy_stone_bricks":1,"minecraft:diamond_boots":1,"cardiac:life_bottle":9,"minecraft:prismarine":5,"minecraft:oak_planks":78,"minecraft:ender_pearl":1,"minecraft:clay":69,"minecraft:golden_apple":3,"minecraft:glow_berries":24,"minecraft:sand":16,"minecraft:sponge":18,"waystones:waystone":3,"minecraft:bread":54,"minecraft:deepslate":100,"minecraft:gravel":18,"tombstone:familiar_stone":2,"minecraft:bone_meal":14,"minecraft:azalea":9,"minecraft:trident":772,"minecraft:iron_bars":1,"minecraft:cooked_salmon":17,"minecraft:oak_door":3,"minecraft:torch":59,"minecraft:dirt":13,"minecraft:prismarine_bricks":4,"minecraft:salmon_bucket":1,"minecraft:flowering_azalea":3,"majruszsdifficulty:elder_guardian_treasure_bag":1,"minecraft:iron_axe":27,"minecraft:diamond_chestplate":1,"tombstone:gift":4,"minecraft:cooked_beef":1,"minecraft:cobbled_deepslate":10,"minecraft:turtle_egg":6,"minecraft:iron_leggings":1,"minecraft:acacia_boat":1,"farmersdelight:skillet":1,"minecraft:glass_bottle":3,"minecraft:cut_sandstone":1,"minecraft:mossy_cobblestone":7,"minecraft:crafting_table":5,"minecraft:red_bed":5,"minecraft:cod":19,"minecraft:dark_prismarine":28,"minecraft:diamond_pickaxe":430,"minecraft:apple":18,"waystones:mossy_waystone":4,"minecraft:stone_axe":62,"minecraft:cobblestone":21,"minecraft:potion":4,"minecraft:cobbled_deepslate_slab":3,"minecraft:cooked_porkchop":4,"minecraft:bucket":1,"minecraft:stripped_oak_log":8,"minecraft:birch_stairs":2},"minecraft:custom":{"enigmaticlegacy:play_time_with_seven_curses":0,"lootr:looted_stat":223,"minecraft:interact_with_crafting_table":50,"minecraft:open_barrel":8,"minecraft:bell_ring":1,"minecraft:leave_game":9,"minecraft:time_since_death":42360,"minecraft:sprint_one_cm":1002133,"minecraft:drop":175,"minecraft:play_noteblock":1,"minecraft:play_time":543116,"minecraft:deaths":56,"minecraft:jump":4963,"minecraft:walk_on_water_one_cm":121943,"minecraft:interact_with_furnace":33,"minecraft:interact_with_loom":2,"minecraft:sleep_in_bed":4,"minecraft:waystone_activated":9,"minecraft:damage_dealt":36031,"minecraft:crouch_one_cm":2893,"tombstone:undead_killed":41,"minecraft:interact_with_smoker":1,"minecraft:mob_kills":151,"minecraft:damage_dealt_resisted":912,"minecraft:climb_one_cm":106127,"minecraft:walk_one_cm":445925,"minecraft:sneak_time":15634,"minecraft:walk_under_water_one_cm":830206,"minecraft:boat_one_cm":4051,"minecraft:total_world_time":543116,"tombstone:raider_killed":7,"enigmaticlegacy:play_time_without_seven_curses":541195,"minecraft:tune_noteblock":3,"minecraft:time_since_rest":41441,"minecraft:damage_taken":33583,"minecraft:damage_absorbed":119,"tombstone:cast_on_ally":0,"minecraft:swim_one_cm":2885519,"minecraft:fly_one_cm":1166422,"minecraft:open_chest":293,"minecraft:fall_one_cm":82331},"minecraft:killed_by":{"minecraft:creeper":2,"minecraft:pillager":1,"minecraft:drowned":9,"minecraft:vindicator":2,"grimoireofgaia:cecaelia":12,"grimoireofgaia:minotaurus":3,"cataclysm:deepling_brute":1,"grimoireofgaia:spriggan":1,"minecraft:zombie":4,"minecraft:husk":4,"minecraft:spider":1,"grimoireofgaia:flesh_lich":1,"grimoireofgaia:werecat":2,"thermal:blitz":1,"grimoireofgaia:shaman":1,"minecraft:skeleton":3,"grimoireofgaia:creep":1},"minecraft:killed":{"grimoireofgaia:toad":1,"minecraft:witch":4,"minecraft:spider":19,"grimoireofgaia:minotaurus":1,"minecraft:skeleton":7,"grimoireofgaia:mimic":1,"minecraft:guardian":49,"thermal:blitz":2,"minecraft:zombie_villager":1,"minecraft:elder_guardian":3,"minecraft:creeper":4,"minecraft:sheep":4,"minecraft:pillager":1,"minecraft:zombie":12,"grimoireofgaia:harpy":3,"minecraft:stray":1,"minecraft:glow_squid":1,"minecraft:vindicator":2,"grimoireofgaia:creep":1,"minecraft:drowned":20,"grimoireofgaia:cecaelia":9},"minecraft:picked_up":{"minecraft:wheat":161,"minecraft:prismarine_shard":215,"alexscaves:cave_tablet":6,"minecraft:enchanted_book":2,"minecraft:potion":2,"enigmaticlegacy:enigmatic_eye":1,"minecraft:string":26,"minecraft:cooked_salmon":66,"minecraft:explorer_pottery_sherd":12,"enigmaticlegacy:thicc_scroll":12,"minecraft:tnt_minecart":4,"minecraft:gold_nugget":17,"minecraft:cobbled_deepslate":119,"minecraft:azalea":22,"hangglider:hang_glider":1,"minecraft:furnace":2,"minecraft:tipped_arrow":1,"minecraft:golden_helmet":6,"minecraft:stick":40,"minecraft:big_dripleaf":53,"minecraft:torch":14,"minecraft:porkchop":8,"tombstone:grave_dust":3,"minecraft:golden_chestplate":4,"minecraft:rotten_flesh":27,"farmersdelight:rope":4,"minecraft:iron_bars":1,"minecraft:cod":35,"minecraft:cobblestone":28,"minecraft:leather_chestplate":1,"minecraft:sponge":30,"minecraft:feather":2,"minecraft:magma_block":15,"grimoireofgaia:metal_dagger":1,"minecraft:oxidized_copper":9,"minecraft:golden_leggings":5,"enigmaticlegacy:golem_heart":2,"minecraft:flint":17,"minecraft:tuff":4,"minecraft:prismarine_bricks":4,"minecraft:acacia_boat":1,"lootr:trophy":2,"minecraft:dirt":16,"minecraft:lapis_lazuli":16,"minecraft:lantern":3,"minecraft:weathered_cut_copper":53,"bhc:red_heart":3,"minecraft:bone":31,"minecraft:bow":1,"minecraft:wheat_seeds":19,"minecraft:cobbled_deepslate_slab":25,"minecraft:waxed_weathered_cut_copper_slab":1,"gobber2:gobber2_globette":2,"tombstone:scroll_of_reach":1,"minecraft:glowstone_dust":1,"minecraft:moss_block":75,"minecraft:prismarine":5,"minecraft:oak_planks":120,"thermal:raw_tin":4,"endrem:lost_eye":3,"minecraft:axolotl_bucket":1,"minecraft:poisonous_potato":10,"tombstone:scroll_of_feather_fall":1,"minecraft:sand":39,"bettertridents:trident_fragment":1,"minecraft:diamond_block":2,"minecraft:barrel":1,"minecraft:mossy_cobblestone":15,"grimoireofgaia:shiny_pearl":14,"minecraft:dark_prismarine":45,"minecraft:bundle":1,"enigmaticlegacy:ocean_stone":1,"minecraft:clay":2,"minecraft:diamond":2,"minecraft:angler_pottery_sherd":4,"waystones:waystone":3,"minecraft:polished_granite_slab":1,"tombstone:tablet_of_recall":1,"knightquest:small_essence":13,"minecraft:golden_apple":1,"minecraft:bread":53,"minecraft:emerald":9,"minecraft:plenty_pottery_sherd":8,"minecraft:fishing_rod":3,"minecraft:charcoal":1,"minecraft:clay_ball":197,"minecraft:brown_mushroom":2,"thermal:cinnabar":1,"enigmaticlegacy:lore_fragment":4,"minecraft:gold_block":11,"tombstone:scroll_of_preservation":1,"minecraft:brick":4,"minecraft:red_bed":4,"minecraft:moss_carpet":24,"minecraft:iron_axe":1,"minecraft:iron_shovel":1,"minecraft:cracked_stone_bricks":1,"tombstone:scroll_of_unstable_intangibility":1,"thermal:niter":13,"minecraft:iron_nugget":61,"tombstone:tablet_of_assistance":1,"minecraft:chest":9,"minecraft:birch_sapling":1,"minecraft:egg":1,"minecraft:raw_iron":16,"minecraft:raw_gold_block":2,"minecraft:copper_ingot":1,"minecraft:trident":3,"minecraft:carrot":1,"minecraft:redstone":12,"cardiac:life_bottle":39,"minecraft:prismarine_crystals":202,"minecraft:dark_oak_planks":16,"minecraft:tnt":3,"minecraft:cooked_cod":2,"minecraft:arrow":20,"minecraft:decorated_pot":18,"minecraft:pumpkin_pie":42,"minecraft:glow_berries":26,"minecraft:mutton":12,"lookinsharp:tonic_artifact":3,"minecraft:rail":2,"minecraft:white_wool":4,"minecraft:wet_sponge":80,"minecraft:stripped_oak_log":8,"mekanism:raw_lead":4,"minecraft:salmon":47,"minecraft:leather":50,"minecraft:cut_sandstone":2,"minecraft:red_mushroom":6,"minecraft:filled_map":2,"minecraft:oak_log":48,"minecraft:gunpowder":38,"minecraft:golden_boots":10,"minecraft:paper":35,"minecraft:apple":13,"minecraft:kelp":262,"minecraft:heart_of_the_sea":1,"tombstone:tablet_of_guard":1,"tombstone:bag_of_seeds":2,"minecraft:oxidized_cut_copper":49,"minecraft:flowering_azalea":11,"minecraft:book":4,"minecraft:emerald_block":12,"waystones:mossy_waystone":4,"minecraft:gravel":28,"minecraft:weathered_copper":13,"minecraft:lava_bucket":2,"minecraft:birch_stairs":2,"mekanism:raw_osmium":6,"minecraft:sea_lantern":35,"minecraft:spider_eye":6,"tombstone:scroll_of_true_sight":1,"minecraft:slime_ball":3,"minecraft:tide_armor_trim_smithing_template":1,"minecraft:stone_axe":4,"tombstone:scroll_of_knowledge":2,"tombstone:magic_scroll":3,"majruszsdifficulty:tattered_chestplate":1,"minecraft:coal":60,"minecraft:ender_pearl":2},"minecraft:mined":{"thermal:deepslate_tin_ore":4,"minecraft:polished_granite_slab":1,"minecraft:jungle_leaves":2,"minecraft:cave_vines_plant":21,"minecraft:grass_block":4,"minecraft:spawner":2,"minecraft:tall_seagrass":121,"minecraft:magma_block":18,"minecraft:cobbled_deepslate":6,"minecraft:iron_ore":4,"minecraft:fire":14,"minecraft:moss_carpet":5,"minecraft:cave_vines":39,"minecraft:flowering_azalea_leaves":13,"minecraft:iron_bars":1,"minecraft:azalea_leaves":20,"minecraft:azalea":2,"minecraft:cut_sandstone":1,"minecraft:red_bed":4,"minecraft:kelp_plant":71,"minecraft:clay":47,"minecraft:torch":4,"minecraft:chest":8,"minecraft:cobblestone":13,"minecraft:oak_planks":8,"minecraft:wall_torch":3,"minecraft:seagrass":64,"lootr:trophy":2,"minecraft:grass":101,"minecraft:oak_log":9,"minecraft:sand":42,"minecraft:dirt":7,"minecraft:deepslate":144,"minecraft:emerald_block":12,"thermal:deepslate_cinnabar_ore":1,"minecraft:dark_prismarine":19,"minecraft:diamond_ore":3,"minecraft:tuff":3,"minecraft:mossy_cobblestone":15,"minecraft:deepslate_diamond_ore":1,"minecraft:sea_lantern":3,"mekanism:deepslate_osmium_ore":6,"minecraft:cobbled_deepslate_slab":8,"minecraft:decorated_pot":17,"minecraft:kelp":7,"minecraft:moss_block":13,"minecraft:large_fern":8,"minecraft:furnace":2,"minecraft:raw_gold_block":2,"minecraft:suspicious_sand":1,"minecraft:diamond_block":2,"minecraft:gold_block":11,"minecraft:big_dripleaf_stem":7,"minecraft:deepslate_iron_ore":3,"minecraft:vine":1,"minecraft:wet_sponge":72,"minecraft:stone":31,"mekanism:deepslate_lead_ore":4,"minecraft:birch_stairs":2,"minecraft:flowering_azalea":2,"minecraft:sponge":4,"minecraft:tall_grass":37,"minecraft:big_dripleaf":8,"minecraft:prismarine_bricks":1,"minecraft:coal_ore":1,"minecraft:gravel":32,"minecraft:cobweb":4,"thermal:deepslate_niter_ore":3,"minecraft:cracked_stone_bricks":1,"minecraft:small_dripleaf":1,"minecraft:mossy_stone_bricks":2,"minecraft:fern":2}},"DataVersion":3465}