{"stats":{"minecraft:dropped":{"mekanism:raw_tin":18,"minecraft:carrot":2},"minecraft:crafted":{"minecraft:wooden_sword":1,"minecraft:crafting_table":2,"minecraft:spruce_planks":44,"minecraft:wooden_pickaxe":1,"minecraft:iron_sword":1,"dustrial_decor:cardboard":2,"minecraft:stone_pickaxe":1,"minecraft:stone_sword":1},"minecraft:used":{"tombstone:scroll_of_lightning_resistance":1,"cardiac:life_bottle":2,"minecraft:snow_block":1,"minecraft:gray_carpet":1,"minecraft:stone_pickaxe":58,"minecraft:iron_sword":7,"minecraft:golden_apple":1,"farmersdelight:onion":5,"minecraft:crafting_table":2,"minecraft:spruce_log":1,"minecraft:iron_axe":2,"minecraft:bread":8,"minecraft:map":2,"minecraft:spruce_sapling":1,"minecraft:cobblestone":8,"tombstone:gift":2,"morevillagers:oceanography_table":1},"minecraft:killed":{"minecraft:spider":1},"minecraft:mined":{"minecraft:powder_snow":8,"mekanism:deepslate_osmium_ore":2,"minecraft:melon":1,"morevillagers:oceanography_table":1,"minecraft:white_stained_glass":1,"minecraft:cobblestone":10,"minecraft:spruce_leaves":6,"minecraft:potted_bamboo":1,"minecraft:light_blue_terracotta":1,"minecraft:spruce_log":12,"minecraft:coal_ore":2,"minecraft:gray_carpet":1,"minecraft:packed_ice":2,"minecraft:terracotta":6,"minecraft:stone":1,"minecraft:netherrack":14,"minecraft:tripwire":5},"minecraft:custom":{"enigmaticlegacy:play_time_with_seven_curses":0,"minecraft:interact_with_furnace":1,"lootr:looted_stat":27,"minecraft:mob_kills":1,"enigmaticlegacy:play_time_without_seven_curses":70352,"minecraft:interact_with_crafting_table":5,"minecraft:bell_ring":1,"minecraft:eat_cake_slice":1,"minecraft:leave_game":17,"minecraft:time_since_death":51211,"minecraft:sleep_in_bed":4,"minecraft:climb_one_cm":1136,"minecraft:time_since_rest":39184,"minecraft:waystone_activated":1,"minecraft:sprint_one_cm":102462,"minecraft:walk_one_cm":198834,"minecraft:damage_taken":2275,"minecraft:damage_absorbed":40,"minecraft:drop":11,"minecraft:damage_dealt":297,"minecraft:talked_to_villager":8,"minecraft:fly_one_cm":102161,"minecraft:open_chest":2,"minecraft:crouch_one_cm":107,"minecraft:play_time":70536,"minecraft:deaths":5,"minecraft:sneak_time":125,"minecraft:jump":705,"minecraft:walk_on_water_one_cm":570,"minecraft:total_world_time":70536,"minecraft:fall_one_cm":18899},"minecraft:picked_up":{"minecraft:ladder":1,"minecraft:flower_pot":1,"minecraft:potato":8,"minecraft:string":1,"minecraft:lantern":1,"minecraft:iron_axe":1,"minecraft:cooked_mutton":1,"morevillagers:oceanography_table":1,"minecraft:bone":1,"minecraft:blackstone":3,"minecraft:gray_carpet":1,"minecraft:iron_nugget":1,"minecraft:bamboo":1,"minecraft:stick":3,"thermal:blitz_rod":1,"minecraft:lava_bucket":1,"minecraft:spruce_sapling":1,"thermal:blizz_rod":1,"minecraft:white_bed":1,"minecraft:spruce_log":13,"minecraft:carrot":6,"mekanism:raw_osmium":2,"mekanism:raw_tin":18,"minecraft:light_gray_terracotta":3,"minecraft:arrow":2,"minecraft:rotten_flesh":1,"minecraft:light_blue_terracotta":1,"minecraft:pumpkin_pie":1,"farmersdelight:onion":2,"minecraft:bread":38,"minecraft:terracotta":5,"minecraft:netherrack":12,"minecraft:coal":1,"minecraft:snowball":158,"minecraft:cobblestone":79},"minecraft:killed_by":{"grimoireofgaia:kobold":1,"minecraft:polar_bear":2,"minecraft:zombie":1,"grimoireofgaia:ant":1}},"DataVersion":3465}