{"stats":{"minecraft:killed_by":{"grimoireofgaia:kobold":1,"minecraft:polar_bear":2},"minecraft:mined":{"minecraft:spruce_leaves":6,"minecraft:spruce_log":8},"minecraft:picked_up":{"minecraft:stick":3,"minecraft:spruce_log":8,"minecraft:spruce_sapling":1},"minecraft:used":{"minecraft:spruce_sapling":1},"minecraft:custom":{"minecraft:jump":93,"minecraft:time_since_rest":1,"minecraft:damage_taken":765,"enigmaticlegacy:play_time_with_seven_curses":0,"minecraft:walk_one_cm":13308,"minecraft:damage_dealt":10,"minecraft:leave_game":5,"minecraft:sprint_one_cm":13258,"minecraft:play_time":6988,"minecraft:time_since_death":137,"minecraft:deaths":3,"enigmaticlegacy:play_time_without_seven_curses":6910,"minecraft:total_world_time":6988,"minecraft:fall_one_cm":209,"minecraft:fly_one_cm":30796}},"DataVersion":3465}