{"stats":{"minecraft:used":{"minecraft:gravel":2},"minecraft:custom":{"minecraft:jump":15,"minecraft:open_chest":2,"minecraft:time_since_rest":7154,"enigmaticlegacy:play_time_with_seven_curses":0,"minecraft:crouch_one_cm":30,"minecraft:leave_game":1,"minecraft:sprint_one_cm":431,"minecraft:play_time":7154,"minecraft:damage_taken":75,"minecraft:time_since_death":7154,"minecraft:walk_one_cm":2395,"minecraft:sneak_time":32,"minecraft:climb_one_cm":733,"enigmaticlegacy:play_time_without_seven_curses":7154,"minecraft:total_world_time":7154,"minecraft:fly_one_cm":12296}},"DataVersion":3465}