{"stats":{"minecraft:dropped":{"minecraft:moss_block":192,"minecraft:diamond":2,"minecraft:glow_berries":1,"minecraft:flint":9,"minecraft:sand":16,"minecraft:iron_pickaxe":2,"minecraft:fishing_rod":1,"minecraft:gravel":2,"minecraft:white_tulip":1,"minecraft:iron_nugget":14,"minecraft:rotten_flesh":3,"justhammers:iron_hammer":1,"extendedcrafting:handheld_table":1,"minecraft:trident":1,"minecraft:arrow":18,"minecraft:enchanted_book":2,"minecraft:wheat_seeds":3,"minecraft:cobblestone":62,"enigmaticlegacy:golem_heart":2,"minecraft:tropical_fish":2,"minecraft:stick":103,"minecraft:torch":75,"waystones:mossy_waystone":1,"minecraft:moss_carpet":34,"minecraft:tuff":12,"minecraft:raw_iron":164,"minecraft:big_dripleaf":4,"minecraft:bow":1},"minecraft:crafted":{"minecraft:oak_planks":36,"minecraft:diamond_shovel":1,"delightful:roasted_acorn":5,"minecraft:dark_oak_door":3,"thermal:iron_dust":40,"minecraft:diamond_helmet":1,"minecraft:diamond_leggings":1,"minecraft:iron_boots":1,"minecraft:chest":13,"thermal:gold_dust":13,"minecraft:golden_sword":1,"minecraft:raw_iron_block":19,"sophisticatedbackpacks:backpack":1,"minecraft:diamond_axe":1,"minecraft:crafting_table":2,"farmersdelight:iron_knife":1,"minecraft:wooden_pickaxe":3,"minecraft:brush":1,"minecraft:golden_pickaxe":1,"dustrial_decor:cardboard":8,"minecraft:copper_ingot":121,"farmersdelight:beef_patty":6,"farmersdelight:cutting_board":1,"minecraft:paper":6,"minecraft:diamond_pickaxe":1,"minecraft:stick":284,"minecraft:iron_pickaxe":5,"minecraft:iron_ingot":192,"minecraft:gold_ingot":13,"minecraft:trident":1,"minecraft:cherry_planks":4,"minecraft:leather_leggings":1,"minecraft:iron_nugget":1557,"minecraft:furnace":3,"minecraft:raw_copper_block":28,"minecraft:diamond":12,"minecraft:ladder":27,"minecraft:stone_pickaxe":3,"minecraft:dark_oak_planks":24,"thermal:tin_dust":11,"sophisticatedbackpacks:iron_backpack":2,"minecraft:diamond_sword":1,"ironchest:copper_chest":8,"sophisticatedbackpacks:gold_backpack":2,"minecraft:air":0,"minecraft:acacia_boat":1,"thermal:copper_dust":272,"justhammers:iron_hammer":6,"minecraft:white_wool":3,"extendedcrafting:handheld_table":1,"dustrial_decor:cardboard_leggings":1,"minecraft:cherry_door":3,"minecraft:iron_leggings":1,"minecraft:white_bed":1,"minecraft:acacia_planks":12,"minecraft:torch":140,"minecraft:clay":131,"minecraft:diamond_chestplate":1},"minecraft:broken":{"minecraft:stone_axe":1,"minecraft:iron_sword":1,"minecraft:stone_sword":1,"justhammers:iron_hammer":3,"minecraft:iron_pickaxe":3},"minecraft:used":{"minecraft:moss_carpet":2,"sophisticatedbackpacks:copper_backpack":1,"minecraft:ladder":11,"gobber2:gobber2_gooey_bread":1,"minecraft:chest":4,"farmersdelight:cabbage":2,"minecraft:iron_sword":44,"lootr:trophy":1,"minecraft:tuff":23,"farmersdelight:cutting_board":1,"minecraft:cooked_cod":8,"minecraft:furnace":3,"delightful:pumpkin_pie_slice":12,"grimoireofgaia:meat":2,"minecraft:egg":1,"miners_delight:copper_carrot":2,"minecraft:mossy_stone_bricks":1,"minecraft:stone_pickaxe":18,"minecraft:diamond_axe":4,"minecraft:glow_berries":23,"ironchest:copper_chest":9,"waystones:waystone":1,"minecraft:dark_oak_log":1,"minecraft:bread":26,"minecraft:gravel":264,"minecraft:diamond_sword":161,"minecraft:stone_sword":55,"minecraft:stone_hoe":4,"minecraft:torch":152,"minecraft:dirt":13,"minecraft:prismarine_bricks":2,"farmersdelight:beef_patty":6,"delightful:roasted_acorn":5,"minecraft:dark_oak_planks":1,"gobber2:gobber2_gooey_beef":5,"minecraft:oxidized_copper":1,"tombstone:gift":2,"farmersdelight:cooked_mutton_chops":1,"minecraft:acacia_planks":4,"minecraft:cobbled_deepslate":17,"sophisticatedbackpacks:gold_backpack":2,"farmersdelight:iron_knife":3,"minecraft:acacia_boat":4,"minecraft:glass_bottle":1,"minecraft:cherry_planks":1,"minecraft:white_bed":1,"justhammers:iron_hammer":1088,"minecraft:dark_oak_door":3,"minecraft:dark_prismarine":3,"minecraft:diamond_pickaxe":572,"minecraft:apple":8,"minecraft:cherry_door":1,"minecraft:iron_pickaxe":459,"minecraft:stone_axe":3,"miners_delight:cave_carrot":8,"minecraft:cobblestone":59,"minecraft:potion":2,"minecraft:brush":37},"minecraft:custom":{"enigmaticlegacy:play_time_with_seven_curses":0,"lootr:looted_stat":116,"minecraft:interact_with_crafting_table":1,"minecraft:leave_game":5,"minecraft:time_since_death":77546,"minecraft:sprint_one_cm":286440,"minecraft:drop":43,"minecraft:talked_to_villager":4,"minecraft:play_time":354390,"minecraft:deaths":16,"minecraft:jump":2056,"minecraft:walk_on_water_one_cm":26716,"minecraft:interact_with_furnace":34,"minecraft:sleep_in_bed":4,"minecraft:waystone_activated":3,"minecraft:damage_dealt":7738,"minecraft:crouch_one_cm":10931,"tombstone:undead_killed":22,"minecraft:interact_with_smoker":1,"minecraft:mob_kills":30,"minecraft:damage_dealt_resisted":455,"minecraft:climb_one_cm":40783,"minecraft:walk_one_cm":292891,"minecraft:sneak_time":7669,"minecraft:walk_under_water_one_cm":241772,"minecraft:total_world_time":354390,"enigmaticlegacy:play_time_without_seven_curses":353848,"minecraft:time_since_rest":30761,"minecraft:damage_taken":8315,"minecraft:swim_one_cm":371378,"minecraft:fly_one_cm":325673,"minecraft:open_chest":196,"minecraft:fall_one_cm":41506},"minecraft:killed_by":{"minecraft:creeper":2,"grimoireofgaia:cecaelia":4,"grimoireofgaia:minotaurus":2,"grimoireofgaia:deathword":1,"cataclysm:deepling_brute":2,"minecraft:zombie":1,"minecraft:skeleton":2,"grimoireofgaia:witch":1,"grimoireofgaia:creep":1},"minecraft:killed":{"minecraft:spider":2,"minecraft:skeleton":5,"minecraft:zombie_villager":1,"minecraft:zombie":11,"minecraft:cow":2,"grimoireofgaia:ender_eye":1,"minecraft:drowned":4,"minecraft:husk":1,"grimoireofgaia:cecaelia":1,"grimoireofgaia:werecat":1},"minecraft:picked_up":{"minecraft:wheat":111,"minecraft:prismarine_shard":4,"minecraft:lead":2,"minecraft:turtle_egg":1,"minecraft:enchanted_book":2,"minecraft:potion":3,"minecraft:stone_brick_stairs":2,"enigmaticlegacy:enigmatic_eye":1,"minecraft:string":39,"minecraft:raw_copper":575,"minecraft:explorer_pottery_sherd":2,"thermal:sulfur":30,"minecraft:sea_pickle":15,"minecraft:cobbled_deepslate":1227,"farmersdelight:cabbage":2,"delightful:acorn":5,"minecraft:white_tulip":1,"minecraft:azalea":7,"delightful:green_tea_leaf":6,"minecraft:coal_block":1,"farmersdelight:cabbage_seeds":12,"minecraft:golden_helmet":1,"minecraft:stick":96,"minecraft:acacia_fence":2,"minecraft:big_dripleaf":5,"minecraft:oak_fence":1,"thermal:raw_lead":10,"minecraft:torch":102,"minecraft:acacia_log":3,"minecraft:golden_axe":1,"minecraft:lightning_rod":1,"minecraft:cherry_log":84,"tombstone:grave_dust":4,"mekanism:raw_tin":8,"gobber2:gobber2_foo":4,"minecraft:rotten_flesh":26,"minecraft:carved_pumpkin":1,"minecraft:cobblestone":1169,"minecraft:nautilus_shell":1,"minecraft:pink_petals":7,"minecraft:magma_block":1,"grimoireofgaia:metal_dagger":1,"minecraft:feather":3,"minecraft:oxidized_copper":1,"minecraft:cherry_planks":1,"minecraft:copper_block":1,"minecraft:potato":1,"ironchest:copper_chest":1,"enigmaticlegacy:golem_heart":1,"minecraft:flint":53,"minecraft:tuff":225,"minecraft:prismarine_bricks":5,"minecraft:acacia_boat":3,"minecraft:lapis_lazuli":6,"delightful:pumpkin_pie_slice":46,"minecraft:dirt":135,"lootr:trophy":1,"minecraft:lantern":2,"bhc:red_heart":2,"minecraft:bone":8,"minecraft:bow":1,"gobber2:gobber2_gooey_beef":16,"minecraft:wheat_seeds":208,"minecraft:raw_gold":17,"gobber2:gobber2_globette":12,"minecraft:mossy_stone_bricks":2,"minecraft:moss_block":258,"minecraft:prismarine":7,"gobber2:gobber2_gooey_bread":9,"thermal:raw_tin":2,"minecraft:sand":18,"minecraft:mossy_cobblestone":3,"minecraft:dark_oak_log":104,"minecraft:barrel":1,"grimoireofgaia:shiny_pearl":5,"minecraft:dark_prismarine":6,"minecraft:dark_prismarine_slab":1,"minecraft:diamond":22,"waystones:waystone":1,"knightquest:small_essence":6,"minecraft:golden_apple":1,"minecraft:plenty_pottery_sherd":2,"minecraft:oak_sapling":3,"gobber2:gobber2_goo":17,"minecraft:fishing_rod":1,"minecraft:shelter_pottery_sherd":4,"minecraft:allium":5,"minecraft:ladder":1,"minecraft:clay_ball":1188,"minecraft:mourner_pottery_sherd":3,"minecraft:shield":1,"minecraft:moss_carpet":38,"minecraft:iron_axe":1,"thermal:raw_nickel":2,"minecraft:compass":2,"minecraft:cracked_stone_bricks":2,"minecraft:beef":4,"thermal:niter":23,"minecraft:iron_nugget":260,"minecraft:chest":1,"minecraft:raw_copper_block":5,"minecraft:egg":3,"minecraft:dark_oak_sapling":13,"minecraft:raw_iron":381,"grimoireofgaia:diamond_shard":114,"farmersdelight:tomato_seeds":2,"minecraft:skull_pottery_sherd":1,"minecraft:music_disc_11":1,"minecraft:trident":1,"minecraft:redstone":18,"minecraft:prismarine_crystals":5,"minecraft:tnt":3,"minecraft:arrow":9,"minecraft:cooked_cod":55,"minecraft:beetroot_seeds":1,"minecraft:hay_block":31,"minecraft:pink_tulip":4,"minecraft:gold_ingot":3,"sophisticatedbackpacks:copper_backpack":2,"minecraft:glow_berries":24,"minecraft:rail":3,"minecraft:bone_block":1,"mekanism:raw_lead":4,"minecraft:glow_ink_sac":5,"minecraft:leather":6,"gobber2:gobber2_gooey_beefstew":4,"minecraft:gunpowder":2,"minecraft:light_blue_banner":2,"minecraft:apple":3,"minecraft:stone_bricks":4,"minecraft:kelp":20,"minecraft:heart_of_the_sea":1,"minecraft:iron_ingot":2,"minecraft:stone_pickaxe":1,"minecraft:blade_pottery_sherd":1,"minecraft:flowering_azalea":4,"minecraft:chiseled_stone_bricks":1,"minecraft:stone_brick_slab":1,"waystones:mossy_waystone":1,"minecraft:spyglass":1,"minecraft:gravel":1949,"mekanism:raw_osmium":12,"minecraft:mossy_stone_brick_slab":1,"minecraft:spider_eye":1,"minecraft:dried_kelp_block":3,"minecraft:gray_banner":1,"minecraft:iron_helmet":1,"mekanism:fluorite_gem":3,"minecraft:cherry_sapling":43,"tombstone:magic_scroll":3,"minecraft:brown_banner":2,"minecraft:coal":38,"minecraft:ender_pearl":1},"minecraft:mined":{"minecraft:mossy_stone_brick_slab":1,"thermal:tin_ore":2,"minecraft:carved_pumpkin":1,"minecraft:grass_block":27,"gobber2:gobber2_lucky_block":28,"ironchest:copper_chest":1,"minecraft:chiseled_stone_bricks":1,"minecraft:tall_seagrass":4,"minecraft:magma_block":1,"minecraft:iron_ore":64,"minecraft:fire":2,"minecraft:cobbled_deepslate":8,"minecraft:moss_carpet":1,"minecraft:cave_vines":2,"minecraft:pink_tulip":3,"sophisticatedbackpacks:copper_backpack":1,"mekanism:osmium_ore":10,"minecraft:kelp_plant":1,"thermal:lead_ore":8,"minecraft:clay":350,"delightful:pumpkin_pie":2,"minecraft:dead_bush":2,"mekanism:tin_ore":4,"minecraft:cobblestone":2,"minecraft:wall_torch":4,"minecraft:deepslate_copper_ore":12,"minecraft:pink_petals":3,"minecraft:seagrass":5,"minecraft:polished_diorite_stairs":2,"farmersdelight:sandy_shrub":8,"lootr:trophy":1,"minecraft:stone_brick_stairs":2,"minecraft:copper_block":1,"minecraft:grass":54,"minecraft:acacia_fence":2,"minecraft:sand":1,"minecraft:dirt":85,"thermal:nickel_ore":2,"minecraft:raw_copper_block":5,"minecraft:deepslate":409,"minecraft:diamond_ore":22,"minecraft:tuff":131,"minecraft:mossy_cobblestone":2,"minecraft:dark_oak_leaves":1,"minecraft:deepslate_diamond_ore":1,"minecraft:cherry_sapling":1,"minecraft:dark_oak_log":109,"minecraft:cyan_stained_glass":2,"minecraft:sea_lantern":1,"minecraft:ladder":1,"minecraft:allium":4,"minecraft:decorated_pot":1,"farmersdelight:wild_cabbages":12,"minecraft:moss_block":258,"minecraft:large_fern":2,"minecraft:hay_block":31,"minecraft:deepslate_iron_ore":18,"minecraft:white_tulip":1,"minecraft:stone":202,"minecraft:podzol":5,"minecraft:stone_brick_slab":1,"minecraft:oak_fence":1,"minecraft:lightning_rod":1,"minecraft:copper_ore":144,"minecraft:tall_grass":14,"minecraft:dried_kelp_block":3,"minecraft:deepslate_gold_ore":9,"minecraft:big_dripleaf":1,"minecraft:prismarine_bricks":5,"minecraft:sea_pickle":3,"minecraft:dark_prismarine_slab":1,"gobber2:gobber2_lucky_block_deepslate":23,"minecraft:coal_ore":33,"minecraft:cherry_leaves":17,"minecraft:gravel":319,"minecraft:cobweb":25,"minecraft:cracked_stone_bricks":1,"minecraft:stone_bricks":2,"minecraft:gold_ore":7,"minecraft:mossy_stone_bricks":1,"thermal:deepslate_sulfur_ore":2,"minecraft:fern":9}},"DataVersion":3465}