{"stats":{"minecraft:killed":{"minecraft:skeleton":2,"minecraft:zombie":5,"grimoireofgaia:werecat":1},"minecraft:used":{"farmersdelight:iron_knife":2,"minecraft:stone_sword":55,"minecraft:stone_pickaxe":18,"minecraft:ladder":11,"minecraft:chest":2,"minecraft:cherry_planks":1,"minecraft:stone_hoe":4,"minecraft:torch":40,"minecraft:dirt":13,"delightful:roasted_acorn":5,"justhammers:iron_hammer":333,"farmersdelight:beef_patty":6,"minecraft:dark_oak_planks":1,"minecraft:dark_oak_log":1,"minecraft:cherry_door":1,"minecraft:iron_pickaxe":353,"minecraft:gravel":264,"minecraft:stone_axe":3,"gobber2:gobber2_gooey_beef":1,"farmersdelight:cutting_board":1,"minecraft:cobblestone":25,"minecraft:furnace":3,"tombstone:gift":2,"farmersdelight:cooked_mutton_chops":1,"grimoireofgaia:meat":2},"minecraft:picked_up":{"minecraft:fishing_rod":1,"minecraft:pink_petals":7,"minecraft:allium":5,"minecraft:ladder":1,"minecraft:cherry_planks":1,"minecraft:clay_ball":616,"gobber2:gobber2_gooey_beefstew":1,"minecraft:enchanted_book":2,"minecraft:flint":36,"minecraft:tuff":27,"minecraft:dirt":112,"minecraft:moss_carpet":31,"minecraft:raw_copper":272,"thermal:raw_nickel":2,"minecraft:bone":2,"minecraft:apple":1,"minecraft:bow":1,"gobber2:gobber2_gooey_beef":4,"minecraft:wheat_seeds":10,"minecraft:raw_gold":1,"minecraft:cobbled_deepslate":22,"delightful:acorn":5,"minecraft:stone_pickaxe":1,"minecraft:iron_ingot":1,"minecraft:white_tulip":1,"minecraft:azalea":7,"minecraft:iron_nugget":2,"minecraft:moss_block":128,"delightful:green_tea_leaf":5,"minecraft:flowering_azalea":4,"gobber2:gobber2_gooey_bread":6,"thermal:raw_tin":2,"minecraft:dark_oak_sapling":13,"minecraft:raw_iron":90,"minecraft:stick":25,"grimoireofgaia:diamond_shard":3,"minecraft:acacia_fence":2,"thermal:raw_lead":8,"minecraft:torch":5,"minecraft:gravel":439,"minecraft:cherry_log":84,"minecraft:trident":1,"minecraft:redstone":18,"minecraft:dark_oak_log":104,"grimoireofgaia:shiny_pearl":2,"mekanism:raw_osmium":10,"mekanism:raw_tin":8,"minecraft:arrow":2,"minecraft:rotten_flesh":3,"minecraft:pink_tulip":4,"minecraft:cherry_sapling":43,"tombstone:magic_scroll":1,"minecraft:glow_berries":1,"minecraft:coal":20,"gobber2:gobber2_goo":10,"minecraft:cobblestone":871},"minecraft:broken":{"minecraft:stone_sword":1,"minecraft:stone_axe":1,"minecraft:iron_pickaxe":1,"justhammers:iron_hammer":1},"minecraft:killed_by":{"grimoireofgaia:cecaelia":2,"grimoireofgaia:minotaurus":2,"minecraft:skeleton":1,"grimoireofgaia:witch":1},"minecraft:custom":{"enigmaticlegacy:play_time_with_seven_curses":0,"minecraft:interact_with_furnace":17,"minecraft:mob_kills":8,"enigmaticlegacy:play_time_without_seven_curses":91842,"minecraft:damage_dealt_resisted":199,"minecraft:leave_game":2,"minecraft:time_since_death":39196,"minecraft:sleep_in_bed":2,"minecraft:climb_one_cm":4476,"minecraft:time_since_rest":38403,"minecraft:sprint_one_cm":72639,"minecraft:damage_taken":2505,"minecraft:walk_one_cm":132203,"minecraft:drop":12,"minecraft:damage_dealt":2429,"minecraft:swim_one_cm":931,"minecraft:fly_one_cm":109643,"minecraft:open_chest":51,"minecraft:crouch_one_cm":5727,"minecraft:play_time":92036,"tombstone:undead_killed":7,"minecraft:deaths":6,"minecraft:sneak_time":2924,"minecraft:walk_under_water_one_cm":1148,"minecraft:jump":630,"minecraft:walk_on_water_one_cm":4151,"minecraft:total_world_time":92036,"minecraft:fall_one_cm":10940},"minecraft:mined":{"minecraft:podzol":5,"minecraft:tuff":27,"mekanism:osmium_ore":10,"minecraft:dark_oak_leaves":1,"minecraft:cherry_sapling":1,"minecraft:dark_oak_log":109,"thermal:tin_ore":2,"thermal:lead_ore":8,"minecraft:clay":218,"minecraft:ladder":1,"minecraft:allium":4,"minecraft:grass_block":25,"gobber2:gobber2_lucky_block":28,"mekanism:tin_ore":4,"minecraft:tall_grass":1,"minecraft:copper_ore":77,"minecraft:moss_block":128,"minecraft:wall_torch":3,"minecraft:pink_petals":3,"minecraft:large_fern":2,"minecraft:iron_ore":41,"minecraft:grass":31,"minecraft:cave_vines":1,"minecraft:coal_ore":20,"minecraft:cherry_leaves":17,"minecraft:acacia_fence":2,"minecraft:gravel":255,"minecraft:dirt":83,"thermal:nickel_ore":2,"minecraft:pink_tulip":3,"minecraft:white_tulip":1,"minecraft:stone":142,"minecraft:deepslate":22,"minecraft:fern":9},"minecraft:dropped":{"minecraft:enchanted_book":2,"minecraft:white_tulip":1,"justhammers:iron_hammer":1,"extendedcrafting:handheld_table":1,"minecraft:trident":1,"minecraft:torch":11,"minecraft:bow":1,"minecraft:iron_pickaxe":2,"minecraft:fishing_rod":1},"minecraft:crafted":{"minecraft:cherry_planks":4,"minecraft:iron_nugget":6,"minecraft:crafting_table":2,"minecraft:wooden_pickaxe":3,"minecraft:furnace":3,"delightful:roasted_acorn":5,"farmersdelight:beef_patty":6,"minecraft:air":0,"thermal:copper_dust":272,"farmersdelight:cutting_board":1,"thermal:iron_dust":40,"justhammers:iron_hammer":3,"extendedcrafting:handheld_table":1,"minecraft:ladder":27,"minecraft:stick":284,"minecraft:iron_pickaxe":4,"minecraft:stone_pickaxe":3,"minecraft:chest":2,"minecraft:cherry_door":3,"minecraft:dark_oak_planks":8,"minecraft:torch":48,"thermal:tin_dust":11}},"DataVersion":3465}