{"stats":{"minecraft:used":{"minecraft:moss_block":74,"minecraft:moss_carpet":2,"minecraft:iron_shovel":68,"minecraft:bone_block":17,"sophisticatedbackpacks:copper_backpack":1,"minecraft:ladder":11,"minecraft:nether_wart":1,"gobber2:gobber2_gooey_bread":1,"minecraft:chest":4,"farmersdelight:cabbage":2,"lootr:trophy":2,"minecraft:iron_sword":44,"minecraft:iron_chestplate":1,"minecraft:soul_sand":1,"ironchest:copper_to_iron_chest_upgrade":8,"minecraft:tuff":23,"minecraft:jungle_sapling":4,"minecraft:lantern":2,"minecraft:stone_brick_stairs":2,"minecraft:stone_bricks":1,"farmersdelight:cutting_board":1,"delightful:pumpkin_pie_slice":12,"minecraft:furnace":5,"minecraft:cooked_cod":75,"grimoireofgaia:meat":2,"minecraft:egg":1,"minecraft:dark_prismarine_stairs":2,"miners_delight:copper_carrot":2,"minecraft:mossy_stone_bricks":6,"minecraft:leather_leggings":1,"minecraft:damaged_anvil":1,"cardiac:life_bottle":1,"minecraft:stone_pickaxe":18,"minecraft:oak_planks":18,"minecraft:diamond_axe":120,"minecraft:glow_berries":23,"ironchest:copper_chest":15,"waystones:waystone":2,"sophisticatedbackpacks:backpack":1,"minecraft:dark_oak_log":13,"minecraft:bread":27,"minecraft:gravel":264,"ironchest:iron_to_gold_chest_upgrade":3,"minecraft:diamond_sword":534,"minecraft:smithing_table":1,"minecraft:iron_bars":1,"minecraft:stone_sword":55,"minecraft:bone_meal":2,"minecraft:coarse_dirt":8,"minecraft:flint_and_steel":29,"minecraft:enchanting_table":1,"minecraft:spruce_planks":1,"minecraft:cooked_chicken":2,"minecraft:stone_hoe":4,"minecraft:torch":285,"minecraft:spyglass":9,"minecraft:brewing_stand":1,"minecraft:dirt":187,"minecraft:prismarine_bricks":2,"minecraft:spruce_stairs":1,"minecraft:cod_bucket":2,"minecraft:salmon_bucket":3,"farmersdelight:beef_patty":6,"minecraft:spruce_fence":1,"knightquest:great_chalice":1,"farmersdelight:rope":62,"delightful:roasted_acorn":5,"minecraft:dark_oak_planks":25,"minecraft:chipped_anvil":2,"minecraft:jungle_log":2,"extractinator:extractinator":1,"gobber2:gobber2_gooey_beef":5,"minecraft:oxidized_copper":1,"tombstone:gift":2,"farmersdelight:cooked_mutton_chops":1,"minecraft:acacia_planks":4,"minecraft:cobbled_deepslate":17,"sophisticatedbackpacks:gold_backpack":7,"farmersdelight:iron_knife":3,"minecraft:acacia_boat":4,"tombstone:scroll_of_knowledge":2,"minecraft:glass_bottle":1,"minecraft:cherry_planks":1,"minecraft:stonecutter":1,"minecraft:jungle_wood":71,"minecraft:mossy_cobblestone":3,"minecraft:tnt":2,"minecraft:red_bed":1,"minecraft:white_bed":2,"justhammers:iron_hammer":1253,"minecraft:dark_oak_door":3,"minecraft:dark_prismarine":5,"minecraft:apple":8,"minecraft:diamond_pickaxe":950,"minecraft:diamond_shovel":1471,"minecraft:cherry_door":1,"minecraft:iron_pickaxe":459,"justhammers:stone_hammer":63,"minecraft:stone_axe":3,"miners_delight:cave_carrot":8,"minecraft:potion":2,"minecraft:cobblestone":110,"minecraft:cooked_porkchop":9,"minecraft:bucket":4,"minecraft:brush":37,"minecraft:birch_stairs":3},"minecraft:crafted":{"thermal:diving_leggings":1,"minecraft:oak_planks":60,"hangglider:hang_glider":1,"minecraft:chain":8,"minecraft:stone":3,"thermal:diving_helmet":1,"minecraft:diamond_shovel":1,"delightful:roasted_acorn":5,"minecraft:dark_oak_door":3,"minecraft:glass":256,"minecraft:hopper":1,"thermal:iron_dust":232,"minecraft:diamond_helmet":1,"minecraft:iron_boots":1,"minecraft:diamond_leggings":1,"minecraft:raw_copper":621,"minecraft:chest":16,"minecraft:copper_block":1,"thermal:gold_dust":44,"extractinator:extractinator":1,"minecraft:golden_sword":1,"minecraft:raw_iron_block":19,"knightquest:great_essence":6,"sophisticatedbackpacks:backpack":3,"minecraft:cauldron":1,"minecraft:diamond_axe":1,"minecraft:crafting_table":2,"farmersdelight:iron_knife":1,"minecraft:wooden_pickaxe":3,"thermal:diving_chestplate":1,"minecraft:brush":1,"minecraft:golden_pickaxe":1,"dustrial_decor:cardboard":8,"minecraft:copper_ingot":254,"minecraft:gold_block":1,"thermal:diving_fabric":15,"farmersdelight:beef_patty":6,"farmersdelight:cutting_board":1,"minecraft:paper":27,"minecraft:diamond_pickaxe":1,"minecraft:stick":284,"minecraft:iron_ingot":486,"minecraft:iron_pickaxe":5,"minecraft:iron_block":30,"minecraft:gold_ingot":59,"thermal:diving_boots":1,"minecraft:trident":2,"thermal:lead_dust":20,"ironchest:copper_to_iron_chest_upgrade":8,"hangglider:glider_framework":1,"minecraft:cherry_planks":4,"minecraft:raw_iron":162,"minecraft:coal":18,"minecraft:leather_leggings":1,"minecraft:iron_nugget":1557,"knightquest:great_chalice":1,"minecraft:furnace":3,"minecraft:piston":1,"minecraft:bone_meal":48,"hangglider:glider_wing":2,"minecraft:raw_copper_block":65,"minecraft:glass_pane":16,"minecraft:flint_and_steel":2,"minecraft:diamond":12,"minecraft:ladder":27,"minecraft:stone_pickaxe":3,"minecraft:redstone_block":1,"minecraft:dark_oak_planks":432,"thermal:tin_dust":47,"sophisticatedbackpacks:iron_backpack":4,"minecraft:red_dye":1,"minecraft:diamond_sword":1,"minecraft:jungle_wood":60,"minecraft:red_bed":1,"ironchest:copper_chest":8,"sophisticatedbackpacks:gold_backpack":4,"minecraft:acacia_boat":1,"minecraft:air":0,"minecraft:jungle_planks":8,"thermal:copper_dust":747,"justhammers:iron_hammer":10,"minecraft:white_wool":3,"ironchest:iron_to_gold_chest_upgrade":3,"justhammers:stone_hammer":1,"extendedcrafting:handheld_table":1,"minecraft:cherry_door":3,"dustrial_decor:cardboard_leggings":1,"minecraft:iron_leggings":1,"minecraft:white_bed":1,"knightquest:empty_goblet":2,"minecraft:acacia_planks":12,"minecraft:torch":228,"minecraft:lapis_lazuli":9,"minecraft:clay":372,"minecraft:diamond_chestplate":1},"minecraft:picked_up":{"minecraft:black_carpet":1,"minecraft:wheat":111,"minecraft:prismarine_shard":16,"minecraft:smithing_table":1,"minecraft:lead":2,"minecraft:diamond_sword":1,"minecraft:enchanted_book":2,"minecraft:turtle_egg":1,"minecraft:potion":4,"minecraft:stone_brick_stairs":4,"enigmaticlegacy:enigmatic_eye":1,"minecraft:brewing_stand":1,"minecraft:lapis_block":1,"farmersdelight:cutting_board":1,"minecraft:music_disc_cat":1,"minecraft:string":139,"minecraft:raw_copper":765,"minecraft:explorer_pottery_sherd":2,"thermal:sulfur":30,"minecraft:sea_pickle":16,"delightful:acorn":5,"minecraft:gold_nugget":7,"minecraft:cobbled_deepslate":1895,"farmersdelight:cabbage":2,"minecraft:spruce_planks":2,"minecraft:white_tulip":1,"minecraft:azalea":7,"minecraft:coal_block":1,"delightful:green_tea_leaf":14,"hangglider:hang_glider":1,"minecraft:deepslate_iron_ore":6,"farmersdelight:cabbage_seeds":12,"minecraft:furnace":3,"minecraft:golden_helmet":1,"minecraft:stick":111,"minecraft:acacia_fence":2,"minecraft:big_dripleaf":5,"minecraft:torch":120,"minecraft:oak_fence":1,"minecraft:spruce_stairs":1,"thermal:raw_lead":26,"minecraft:acacia_log":3,"minecraft:pink_carpet":1,"minecraft:dried_kelp":17,"minecraft:golden_axe":1,"minecraft:lightning_rod":1,"minecraft:cherry_log":84,"tombstone:grave_dust":9,"mekanism:raw_tin":36,"minecraft:cauldron":1,"gobber2:gobber2_foo":5,"minecraft:rotten_flesh":81,"minecraft:carved_pumpkin":1,"farmersdelight:rope":27,"minecraft:obsidian":5,"minecraft:cod":2,"minecraft:iron_bars":1,"minecraft:cobblestone":2111,"minecraft:nautilus_shell":1,"thermal:lead_ore":2,"minecraft:enchanting_table":1,"minecraft:pink_petals":7,"minecraft:magma_block":1,"grimoireofgaia:metal_dagger":1,"minecraft:feather":6,"minecraft:oxidized_copper":1,"minecraft:cherry_planks":1,"minecraft:andesite":1,"minecraft:jungle_log":84,"minecraft:copper_block":1,"minecraft:jungle_wood":42,"ironchest:copper_chest":7,"minecraft:potato":1,"enigmaticlegacy:golem_heart":1,"minecraft:flint":119,"minecraft:tuff":229,"minecraft:prismarine_bricks":5,"minecraft:acacia_boat":3,"delightful:pumpkin_pie_slice":46,"minecraft:dirt":663,"minecraft:lapis_lazuli":14,"minecraft:lantern":6,"lootr:trophy":1,"minecraft:bone":23,"bhc:red_heart":4,"thermal:sapphire":1,"minecraft:chipped_anvil":2,"minecraft:stonecutter":1,"minecraft:bow":1,"gobber2:gobber2_gooey_beef":25,"minecraft:wheat_seeds":253,"minecraft:raw_gold":48,"mekanism:deepslate_lead_ore":1,"gobber2:gobber2_globette":18,"minecraft:mossy_stone_bricks":9,"minecraft:moss_block":405,"minecraft:mossy_stone_brick_stairs":1,"minecraft:prismarine":7,"minecraft:oak_planks":18,"gobber2:gobber2_gooey_bread":19,"thermal:raw_tin":26,"justhammers:iron_hammer":2,"minecraft:sand":594,"minecraft:dark_oak_log":111,"grimoireofgaia:shiny_pearl":9,"minecraft:barrel":2,"minecraft:mossy_cobblestone":6,"minecraft:dark_prismarine":8,"minecraft:dark_prismarine_slab":1,"knightquest:filled_goblet":1,"minecraft:deepslate":2,"minecraft:diamond":22,"waystones:waystone":2,"knightquest:small_essence":26,"minecraft:bone_meal":1,"minecraft:golden_apple":1,"minecraft:emerald":3,"minecraft:rooted_dirt":4,"minecraft:plenty_pottery_sherd":2,"minecraft:oak_sapling":5,"minecraft:dark_oak_fence":3,"gobber2:gobber2_goo":33,"thermal:copper_dust":124,"minecraft:fishing_rod":1,"minecraft:cocoa_beans":18,"sophisticatedbackpacks:gold_backpack":5,"minecraft:coarse_dirt":24,"minecraft:shelter_pottery_sherd":4,"minecraft:allium":5,"minecraft:mourner_pottery_sherd":3,"minecraft:azure_bluet":1,"grimoireofgaia:soulfire":4,"minecraft:ladder":7,"minecraft:nether_wart":7,"minecraft:clay_ball":1688,"thermal:raw_silver":2,"minecraft:brown_mushroom":3,"minecraft:chain":1,"minecraft:shield":2,"minecraft:moss_carpet":38,"moremekanismprocessing:gem_ruby":6,"minecraft:iron_axe":1,"thermal:raw_nickel":9,"minecraft:flint_and_steel":2,"minecraft:compass":2,"minecraft:white_carpet":10,"moremekanismprocessing:gem_sapphire":3,"minecraft:cracked_stone_bricks":3,"minecraft:dark_prismarine_stairs":4,"minecraft:beef":4,"thermal:niter":31,"minecraft:jungle_sapling":7,"minecraft:iron_nugget":397,"minecraft:poppy":1,"minecraft:chest":1,"minecraft:copper_ore":7,"minecraft:raw_copper_block":31,"minecraft:egg":5,"dustrial_decor:cardboard":1,"minecraft:dark_oak_sapling":13,"minecraft:raw_iron":407,"grimoireofgaia:diamond_shard":118,"minecraft:stone":11,"minecraft:spruce_fence":4,"minecraft:fire_charge":4,"farmersdelight:tomato_seeds":2,"minecraft:skull_pottery_sherd":1,"minecraft:music_disc_11":1,"minecraft:trident":1,"minecraft:carrot":1,"minecraft:redstone":49,"moremekanismprocessing:dust_zinc":1,"minecraft:prismarine_crystals":8,"minecraft:dark_oak_planks":24,"minecraft:tnt":4,"minecraft:arrow":25,"minecraft:weeping_vines":7,"minecraft:cooked_cod":55,"ae2:certus_quartz_dust":26,"minecraft:beetroot_seeds":1,"minecraft:hay_block":31,"minecraft:pink_tulip":4,"minecraft:gold_ingot":22,"minecraft:totem_of_undying":3,"sophisticatedbackpacks:copper_backpack":2,"grimoireofgaia:weapon_book":1,"minecraft:glow_berries":44,"minecraft:bone_block":20,"minecraft:skeleton_skull":3,"minecraft:rail":3,"minecraft:glow_ink_sac":5,"mekanism:raw_lead":8,"minecraft:salmon":3,"minecraft:red_mushroom":4,"minecraft:leather":6,"gobber2:gobber2_gooey_beefstew":8,"majruszsdifficulty:tattered_helmet":1,"minecraft:birch_planks":1,"minecraft:oak_log":6,"minecraft:cobblestone_wall":1,"minecraft:gunpowder":6,"minecraft:cobblestone_stairs":2,"minecraft:paper":1,"minecraft:red_carpet":12,"minecraft:light_blue_banner":2,"minecraft:apple":3,"minecraft:stone_bricks":23,"minecraft:kelp":20,"minecraft:stone_pickaxe":1,"minecraft:spore_blossom":1,"minecraft:heart_of_the_sea":2,"minecraft:iron_ingot":194,"minecraft:iron_ore":4,"minecraft:blade_pottery_sherd":1,"minecraft:flowering_azalea":4,"minecraft:soul_sand":1,"minecraft:book":78,"minecraft:black_candle":2,"thermal:tin_dust":11,"minecraft:sweet_berries":3,"minecraft:quartz":3,"minecraft:chiseled_stone_bricks":1,"minecraft:spyglass":1,"minecraft:stone_brick_slab":1,"minecraft:dandelion":3,"waystones:mossy_waystone":1,"minecraft:raw_iron_block":18,"minecraft:gravel":2273,"minecraft:birch_stairs":3,"minecraft:amethyst_shard":11,"minecraft:white_bed":3,"mekanism:raw_osmium":24,"minecraft:mossy_stone_brick_slab":1,"minecraft:spider_eye":8,"minecraft:coal_ore":6,"minecraft:dried_kelp_block":3,"minecraft:slime_ball":6,"minecraft:gray_banner":1,"minecraft:iron_helmet":2,"mekanism:fluorite_gem":3,"minecraft:deepslate_redstone_ore":6,"minecraft:cherry_sapling":43,"minecraft:brown_banner":2,"tombstone:magic_scroll":4,"minecraft:damaged_anvil":1,"thermal:ruby":2,"minecraft:coal":171,"minecraft:stripped_dark_oak_log":1,"minecraft:ender_pearl":1},"minecraft:broken":{"minecraft:diamond_helmet":1,"minecraft:iron_boots":1,"minecraft:stone_axe":1,"minecraft:iron_sword":1,"minecraft:diamond_chestplate":1,"minecraft:stone_sword":1,"minecraft:diamond_leggings":1,"justhammers:iron_hammer":3,"minecraft:iron_pickaxe":3},"minecraft:killed_by":{"minecraft:evoker":3,"minecraft:creeper":3,"grimoireofgaia:cobble_golem":1,"minecraft:vindicator":6,"grimoireofgaia:cecaelia":4,"grimoireofgaia:minotaurus":2,"grimoireofgaia:deathword":1,"cataclysm:deepling_brute":2,"minecraft:zombie":2,"grimoireofgaia:cobblestone_golem":2,"minecraft:vex":1,"grimoireofgaia:shaman":1,"minecraft:skeleton":4,"grimoireofgaia:witch":1,"grimoireofgaia:creep":1},"minecraft:dropped":{"minecraft:moss_block":192,"minecraft:diamond":2,"minecraft:glow_berries":1,"minecraft:flint":9,"minecraft:sand":16,"minecraft:iron_pickaxe":2,"minecraft:fishing_rod":1,"minecraft:gravel":2,"minecraft:white_tulip":1,"hangglider:hang_glider":1,"minecraft:iron_nugget":14,"minecraft:rotten_flesh":7,"justhammers:iron_hammer":1,"extendedcrafting:handheld_table":1,"minecraft:trident":1,"minecraft:arrow":18,"minecraft:enchanted_book":2,"minecraft:wheat_seeds":3,"enigmaticlegacy:golem_heart":2,"minecraft:cobblestone":62,"minecraft:tropical_fish":2,"minecraft:stick":103,"minecraft:torch":75,"waystones:mossy_waystone":1,"minecraft:moss_carpet":34,"minecraft:tuff":12,"minecraft:raw_iron":164,"minecraft:flint_and_steel":3,"minecraft:diamond_sword":1,"minecraft:big_dripleaf":4,"minecraft:bow":1},"minecraft:killed":{"minecraft:spider":14,"minecraft:cod":2,"minecraft:skeleton":14,"majruszsdifficulty:creeperling":1,"minecraft:zombie_villager":1,"minecraft:salmon":3,"grimoireofgaia:cobblestone_golem":2,"minecraft:creeper":1,"minecraft:zombie":32,"grimoireofgaia:deathword":1,"grimoireofgaia:harpy":4,"grimoireofgaia:wizard_harpy":1,"minecraft:cow":2,"grimoireofgaia:shaman":1,"minecraft:evoker":1,"minecraft:vex":2,"minecraft:vindicator":1,"grimoireofgaia:ender_eye":1,"minecraft:drowned":4,"minecraft:husk":6,"grimoireofgaia:cecaelia":1,"grimoireofgaia:werecat":1},"minecraft:mined":{"minecraft:dark_oak_planks":24,"minecraft:dark_prismarine_stairs":4,"minecraft:spruce_planks":3,"minecraft:white_bed":3,"minecraft:mossy_stone_brick_slab":1,"minecraft:cobblestone_stairs":2,"sophisticatedbackpacks:gold_backpack":5,"minecraft:jungle_leaves":1,"minecraft:obsidian":5,"thermal:tin_ore":2,"minecraft:brewing_stand":1,"minecraft:carved_pumpkin":1,"minecraft:grass_block":411,"gobber2:gobber2_lucky_block":28,"minecraft:jungle_log":2,"minecraft:nether_wart":1,"ironchest:copper_chest":7,"minecraft:chiseled_stone_bricks":1,"minecraft:spawner":3,"minecraft:weeping_vines_plant":4,"minecraft:tall_seagrass":4,"minecraft:magma_block":1,"minecraft:cobbled_deepslate":8,"minecraft:barrel":1,"minecraft:iron_ore":72,"minecraft:fire":12,"minecraft:moss_carpet":1,"minecraft:lime_stained_glass_pane":2,"minecraft:cave_vines":2,"minecraft:water_cauldron":1,"minecraft:iron_bars":1,"minecraft:pink_tulip":3,"sophisticatedbackpacks:copper_backpack":1,"minecraft:deepslate_redstone_ore":6,"mekanism:osmium_ore":10,"minecraft:kelp_plant":1,"thermal:lead_ore":10,"minecraft:clay":475,"delightful:pumpkin_pie":2,"mekanism:tin_ore":4,"minecraft:dead_bush":2,"minecraft:cobblestone":14,"minecraft:oak_planks":18,"minecraft:damaged_anvil":1,"minecraft:wall_torch":6,"minecraft:deepslate_copper_ore":12,"minecraft:skeleton_skull":3,"minecraft:pink_petals":3,"minecraft:seagrass":5,"minecraft:polished_diorite_stairs":2,"minecraft:chain":2,"farmersdelight:sandy_shrub":8,"minecraft:jungle_wood":11,"lootr:trophy":1,"minecraft:lapis_block":1,"farmersdelight:cutting_board":1,"minecraft:tnt":1,"minecraft:stone_brick_stairs":5,"minecraft:copper_block":1,"minecraft:grass":111,"minecraft:acacia_fence":2,"minecraft:sand":577,"minecraft:dirt":178,"thermal:nickel_ore":2,"minecraft:raw_copper_block":5,"minecraft:red_mushroom_block":3,"minecraft:stonecutter":1,"minecraft:oak_leaves":1,"minecraft:deepslate":411,"minecraft:dark_prismarine":2,"minecraft:diamond_ore":22,"minecraft:tuff":131,"minecraft:mossy_cobblestone":3,"minecraft:dark_oak_leaves":7,"minecraft:deepslate_diamond_ore":1,"minecraft:dark_oak_log":116,"minecraft:cherry_sapling":1,"minecraft:cyan_stained_glass":2,"minecraft:sea_lantern":1,"minecraft:ladder":1,"minecraft:allium":4,"minecraft:spruce_fence":1,"minecraft:decorated_pot":1,"minecraft:weeping_vines":1,"minecraft:brown_mushroom_block":1,"farmersdelight:wild_cabbages":12,"minecraft:moss_block":401,"minecraft:rooted_dirt":2,"minecraft:large_fern":3,"minecraft:hay_block":31,"minecraft:furnace":3,"minecraft:andesite":1,"minecraft:mossy_stone_brick_stairs":2,"minecraft:bookshelf":30,"farmersdelight:rope":27,"minecraft:deepslate_iron_ore":24,"minecraft:vine":4,"minecraft:white_tulip":1,"minecraft:stone":283,"minecraft:bone_block":2,"minecraft:smithing_table":1,"minecraft:podzol":5,"mekanism:deepslate_lead_ore":1,"minecraft:soul_sand":1,"minecraft:stripped_dark_oak_log":1,"minecraft:stone_brick_slab":1,"minecraft:oak_fence":1,"minecraft:lightning_rod":1,"minecraft:copper_ore":167,"minecraft:tall_grass":14,"minecraft:dried_kelp_block":3,"minecraft:deepslate_gold_ore":9,"minecraft:big_dripleaf":1,"minecraft:prismarine_bricks":5,"minecraft:spruce_stairs":1,"minecraft:coarse_dirt":16,"minecraft:cobblestone_wall":1,"minecraft:sea_pickle":3,"minecraft:sweet_berry_bush":1,"gobber2:gobber2_lucky_block_deepslate":28,"minecraft:dark_prismarine_slab":1,"minecraft:coal_ore":127,"minecraft:cherry_leaves":17,"minecraft:gravel":688,"minecraft:cobweb":112,"minecraft:cracked_stone_bricks":2,"minecraft:stone_bricks":76,"minecraft:gold_ore":7,"minecraft:mossy_stone_bricks":5,"minecraft:chipped_anvil":2,"minecraft:fern":28,"thermal:deepslate_sulfur_ore":2},"minecraft:custom":{"enigmaticlegacy:play_time_with_seven_curses":0,"lootr:looted_stat":179,"minecraft:interact_with_crafting_table":1,"minecraft:open_barrel":3,"minecraft:bell_ring":4,"minecraft:leave_game":10,"minecraft:time_since_death":33542,"minecraft:sprint_one_cm":638201,"minecraft:drop":49,"minecraft:talked_to_villager":4,"minecraft:play_time":601852,"minecraft:deaths":34,"minecraft:jump":4091,"minecraft:walk_on_water_one_cm":29485,"minecraft:interact_with_furnace":73,"minecraft:sleep_in_bed":13,"minecraft:waystone_activated":5,"tombstone:sneak_grave":1,"minecraft:damage_dealt":20679,"minecraft:player_kills":1,"minecraft:crouch_one_cm":44760,"tombstone:undead_killed":57,"minecraft:interact_with_smoker":1,"minecraft:interact_with_anvil":10,"minecraft:mob_kills":104,"minecraft:damage_dealt_resisted":510,"minecraft:climb_one_cm":75472,"minecraft:walk_one_cm":694932,"minecraft:damage_dealt_absorbed":30,"minecraft:sneak_time":21534,"minecraft:walk_under_water_one_cm":244235,"minecraft:total_world_time":601852,"tombstone:raider_killed":2,"enigmaticlegacy:play_time_without_seven_curses":600810,"minecraft:interact_with_stonecutter":1,"minecraft:time_since_rest":23350,"minecraft:damage_taken":18835,"minecraft:swim_one_cm":374305,"minecraft:fly_one_cm":801262,"minecraft:open_chest":537,"minecraft:fall_one_cm":92115}},"DataVersion":3465}