{"stats":{"minecraft:custom":{"minecraft:jump":11,"minecraft:time_since_rest":2715,"enigmaticlegacy:play_time_with_seven_curses":0,"minecraft:crouch_one_cm":27,"minecraft:sprint_one_cm":431,"minecraft:play_time":2715,"minecraft:damage_taken":75,"minecraft:time_since_death":2715,"minecraft:walk_one_cm":641,"minecraft:sneak_time":25,"minecraft:climb_one_cm":733,"enigmaticlegacy:play_time_without_seven_curses":2715,"minecraft:total_world_time":2715,"minecraft:fly_one_cm":12296}},"DataVersion":3465}