{"stats":{"minecraft:killed":{"minecraft:skeleton":2,"minecraft:zombie_villager":1,"minecraft:zombie":6,"grimoireofgaia:werecat":1},"minecraft:used":{"minecraft:stone_sword":55,"minecraft:ladder":11,"minecraft:chest":2,"minecraft:stone_hoe":4,"minecraft:torch":42,"minecraft:dirt":13,"minecraft:tuff":8,"farmersdelight:beef_patty":6,"delightful:roasted_acorn":5,"minecraft:dark_oak_planks":1,"gobber2:gobber2_gooey_beef":1,"farmersdelight:cutting_board":1,"minecraft:furnace":3,"tombstone:gift":2,"farmersdelight:cooked_mutton_chops":1,"grimoireofgaia:meat":2,"farmersdelight:iron_knife":2,"minecraft:stone_pickaxe":18,"minecraft:cherry_planks":1,"minecraft:glow_berries":3,"ironchest:copper_chest":1,"justhammers:iron_hammer":345,"minecraft:cherry_door":1,"minecraft:dark_oak_log":1,"minecraft:iron_pickaxe":368,"minecraft:gravel":264,"minecraft:stone_axe":3,"minecraft:cobblestone":32},"minecraft:picked_up":{"minecraft:fishing_rod":1,"minecraft:allium":5,"minecraft:ladder":1,"minecraft:clay_ball":616,"minecraft:enchanted_book":2,"minecraft:moss_carpet":32,"minecraft:raw_copper":272,"thermal:raw_nickel":2,"minecraft:cobbled_deepslate":22,"delightful:acorn":5,"minecraft:white_tulip":1,"minecraft:azalea":7,"minecraft:iron_nugget":2,"delightful:green_tea_leaf":5,"minecraft:dark_oak_sapling":13,"minecraft:stick":25,"minecraft:raw_iron":180,"grimoireofgaia:diamond_shard":3,"minecraft:acacia_fence":2,"minecraft:torch":5,"thermal:raw_lead":8,"minecraft:cherry_log":84,"minecraft:trident":1,"minecraft:redstone":18,"mekanism:raw_tin":8,"minecraft:arrow":2,"minecraft:rotten_flesh":5,"minecraft:pink_tulip":4,"minecraft:glow_berries":5,"minecraft:cobblestone":909,"minecraft:pink_petals":7,"minecraft:cherry_planks":1,"gobber2:gobber2_gooey_beefstew":1,"minecraft:potato":1,"minecraft:flint":36,"minecraft:tuff":29,"minecraft:dirt":112,"minecraft:bone":2,"minecraft:apple":1,"gobber2:gobber2_gooey_beef":4,"minecraft:bow":1,"minecraft:wheat_seeds":10,"minecraft:raw_gold":1,"minecraft:iron_ingot":1,"minecraft:stone_pickaxe":1,"minecraft:moss_block":192,"minecraft:flowering_azalea":4,"gobber2:gobber2_gooey_bread":6,"thermal:raw_tin":2,"minecraft:gravel":698,"mekanism:raw_osmium":10,"minecraft:dark_oak_log":104,"grimoireofgaia:shiny_pearl":2,"knightquest:small_essence":1,"minecraft:cherry_sapling":43,"tombstone:magic_scroll":1,"minecraft:coal":20,"gobber2:gobber2_goo":10},"minecraft:broken":{"minecraft:stone_sword":1,"justhammers:iron_hammer":1,"minecraft:stone_axe":1,"minecraft:iron_pickaxe":1},"minecraft:killed_by":{"grimoireofgaia:cecaelia":2,"grimoireofgaia:minotaurus":2,"minecraft:skeleton":1,"grimoireofgaia:witch":1},"minecraft:custom":{"enigmaticlegacy:play_time_with_seven_curses":0,"minecraft:mob_kills":10,"minecraft:damage_dealt_resisted":199,"minecraft:leave_game":2,"minecraft:time_since_death":51196,"minecraft:climb_one_cm":4476,"minecraft:sprint_one_cm":73620,"minecraft:walk_one_cm":140062,"minecraft:drop":12,"minecraft:play_time":104036,"minecraft:deaths":6,"minecraft:sneak_time":3000,"minecraft:walk_under_water_one_cm":1148,"minecraft:jump":672,"minecraft:walk_on_water_one_cm":4151,"minecraft:total_world_time":104036,"minecraft:interact_with_furnace":20,"enigmaticlegacy:play_time_without_seven_curses":103842,"minecraft:sleep_in_bed":2,"minecraft:time_since_rest":50403,"minecraft:damage_taken":2585,"minecraft:damage_dealt":2826,"minecraft:swim_one_cm":931,"minecraft:fly_one_cm":110302,"minecraft:open_chest":65,"minecraft:crouch_one_cm":5883,"tombstone:undead_killed":9,"minecraft:fall_one_cm":11275},"minecraft:mined":{"minecraft:tuff":29,"minecraft:dark_oak_leaves":1,"minecraft:dark_oak_log":109,"minecraft:cherry_sapling":1,"thermal:tin_ore":2,"minecraft:ladder":1,"minecraft:allium":4,"minecraft:grass_block":25,"gobber2:gobber2_lucky_block":28,"minecraft:moss_block":192,"minecraft:large_fern":2,"minecraft:iron_ore":50,"minecraft:moss_carpet":1,"minecraft:cave_vines":1,"minecraft:pink_tulip":3,"minecraft:stone":145,"minecraft:white_tulip":1,"minecraft:podzol":5,"mekanism:osmium_ore":10,"thermal:lead_ore":8,"minecraft:clay":218,"mekanism:tin_ore":4,"minecraft:copper_ore":77,"minecraft:tall_grass":1,"minecraft:wall_torch":3,"minecraft:pink_petals":3,"minecraft:grass":31,"minecraft:coal_ore":20,"minecraft:acacia_fence":2,"minecraft:cherry_leaves":17,"minecraft:gravel":255,"minecraft:dirt":83,"thermal:nickel_ore":2,"minecraft:fern":9,"minecraft:deepslate":22},"minecraft:dropped":{"minecraft:enchanted_book":2,"minecraft:torch":11,"minecraft:iron_pickaxe":2,"minecraft:fishing_rod":1,"minecraft:white_tulip":1,"justhammers:iron_hammer":1,"extendedcrafting:handheld_table":1,"minecraft:trident":1,"minecraft:bow":1},"minecraft:crafted":{"minecraft:cherry_planks":4,"minecraft:iron_nugget":414,"minecraft:furnace":3,"delightful:roasted_acorn":5,"thermal:iron_dust":40,"minecraft:ladder":27,"minecraft:stone_pickaxe":3,"minecraft:chest":3,"minecraft:dark_oak_planks":8,"thermal:tin_dust":11,"minecraft:crafting_table":2,"minecraft:wooden_pickaxe":3,"minecraft:copper_ingot":73,"ironchest:copper_chest":1,"minecraft:air":0,"farmersdelight:beef_patty":6,"thermal:copper_dust":272,"farmersdelight:cutting_board":1,"justhammers:iron_hammer":3,"extendedcrafting:handheld_table":1,"minecraft:stick":284,"minecraft:iron_ingot":76,"minecraft:iron_pickaxe":5,"minecraft:cherry_door":3,"minecraft:torch":132}},"DataVersion":3465}