{"stats":{"minecraft:killed":{"minecraft:spider":2,"grimoireofgaia:ender_eye":1,"minecraft:skeleton":4,"minecraft:zombie_villager":1,"minecraft:zombie":11,"grimoireofgaia:werecat":1},"minecraft:used":{"minecraft:moss_carpet":2,"minecraft:stone_sword":55,"minecraft:ladder":11,"gobber2:gobber2_gooey_bread":1,"minecraft:chest":4,"farmersdelight:cabbage":2,"minecraft:iron_sword":44,"minecraft:stone_hoe":4,"minecraft:torch":141,"minecraft:dirt":13,"minecraft:tuff":23,"farmersdelight:beef_patty":6,"delightful:roasted_acorn":5,"minecraft:dark_oak_planks":1,"gobber2:gobber2_gooey_beef":5,"farmersdelight:cutting_board":1,"minecraft:furnace":3,"delightful:pumpkin_pie_slice":12,"minecraft:egg":1,"tombstone:gift":2,"farmersdelight:cooked_mutton_chops":1,"grimoireofgaia:meat":2,"minecraft:acacia_planks":4,"minecraft:cobbled_deepslate":17,"miners_delight:copper_carrot":2,"farmersdelight:iron_knife":3,"minecraft:acacia_boat":1,"minecraft:mossy_stone_bricks":1,"minecraft:glass_bottle":1,"minecraft:stone_pickaxe":18,"minecraft:cherry_planks":1,"minecraft:glow_berries":23,"ironchest:copper_chest":1,"minecraft:dark_oak_door":3,"justhammers:iron_hammer":767,"minecraft:dark_prismarine":3,"minecraft:diamond_pickaxe":43,"minecraft:apple":8,"minecraft:cherry_door":1,"minecraft:dark_oak_log":1,"minecraft:bread":4,"minecraft:iron_pickaxe":459,"minecraft:gravel":264,"minecraft:stone_axe":3,"minecraft:diamond_sword":105,"miners_delight:cave_carrot":8,"minecraft:potion":2,"minecraft:cobblestone":43},"minecraft:picked_up":{"minecraft:fishing_rod":1,"minecraft:wheat":110,"minecraft:allium":5,"minecraft:ladder":1,"minecraft:clay_ball":1188,"minecraft:enchanted_book":2,"enigmaticlegacy:enigmatic_eye":1,"minecraft:string":39,"minecraft:moss_carpet":38,"minecraft:raw_copper":530,"thermal:raw_nickel":2,"thermal:sulfur":30,"minecraft:cobbled_deepslate":433,"farmersdelight:cabbage":2,"delightful:acorn":5,"minecraft:white_tulip":1,"thermal:niter":15,"minecraft:azalea":7,"minecraft:iron_nugget":259,"minecraft:chest":1,"delightful:green_tea_leaf":6,"minecraft:egg":1,"farmersdelight:cabbage_seeds":12,"minecraft:golden_helmet":1,"minecraft:dark_oak_sapling":13,"minecraft:stick":96,"minecraft:raw_iron":379,"grimoireofgaia:diamond_shard":45,"minecraft:acacia_fence":2,"minecraft:big_dripleaf":5,"minecraft:torch":99,"thermal:raw_lead":10,"minecraft:acacia_log":3,"farmersdelight:tomato_seeds":2,"minecraft:cherry_log":84,"tombstone:grave_dust":4,"minecraft:trident":1,"minecraft:redstone":18,"minecraft:prismarine_crystals":3,"mekanism:raw_tin":8,"gobber2:gobber2_foo":1,"minecraft:arrow":7,"minecraft:rotten_flesh":20,"minecraft:beetroot_seeds":1,"minecraft:hay_block":22,"minecraft:carved_pumpkin":1,"minecraft:pink_tulip":4,"sophisticatedbackpacks:copper_backpack":1,"minecraft:glow_berries":24,"minecraft:rail":3,"minecraft:cobblestone":1088,"minecraft:magma_block":1,"minecraft:pink_petals":7,"minecraft:glow_ink_sac":3,"minecraft:cherry_planks":1,"mekanism:raw_lead":4,"minecraft:leather":2,"gobber2:gobber2_gooey_beefstew":2,"minecraft:potato":1,"enigmaticlegacy:golem_heart":1,"minecraft:flint":53,"minecraft:tuff":49,"minecraft:acacia_boat":1,"minecraft:lapis_lazuli":6,"delightful:pumpkin_pie_slice":46,"minecraft:dirt":135,"minecraft:lantern":2,"bhc:red_heart":1,"minecraft:bone":4,"minecraft:stone_bricks":1,"minecraft:kelp":18,"minecraft:apple":3,"gobber2:gobber2_gooey_beef":12,"minecraft:bow":1,"minecraft:wheat_seeds":208,"minecraft:raw_gold":11,"minecraft:heart_of_the_sea":1,"minecraft:iron_ingot":2,"minecraft:stone_pickaxe":1,"gobber2:gobber2_globette":6,"minecraft:mossy_stone_bricks":2,"minecraft:moss_block":258,"minecraft:prismarine":7,"minecraft:flowering_azalea":4,"gobber2:gobber2_gooey_bread":7,"thermal:raw_tin":2,"minecraft:gravel":1155,"minecraft:sand":16,"minecraft:barrel":1,"minecraft:spider_eye":1,"mekanism:raw_osmium":10,"minecraft:dark_oak_log":104,"grimoireofgaia:shiny_pearl":4,"minecraft:dark_prismarine":6,"minecraft:diamond":21,"waystones:waystone":1,"minecraft:iron_helmet":1,"mekanism:fluorite_gem":3,"knightquest:small_essence":3,"minecraft:cherry_sapling":43,"minecraft:golden_apple":1,"minecraft:brown_banner":2,"minecraft:oak_sapling":3,"tombstone:magic_scroll":1,"minecraft:coal":38,"gobber2:gobber2_goo":12,"minecraft:ender_pearl":1},"minecraft:broken":{"minecraft:stone_sword":1,"justhammers:iron_hammer":3,"minecraft:stone_axe":1,"minecraft:iron_sword":1,"minecraft:iron_pickaxe":3},"minecraft:killed_by":{"minecraft:creeper":2,"grimoireofgaia:cecaelia":2,"grimoireofgaia:deathword":1,"grimoireofgaia:minotaurus":2,"cataclysm:deepling_brute":2,"minecraft:skeleton":2,"minecraft:zombie":1,"grimoireofgaia:witch":1,"grimoireofgaia:creep":1},"minecraft:custom":{"enigmaticlegacy:play_time_with_seven_curses":0,"lootr:looted_stat":43,"minecraft:mob_kills":20,"minecraft:damage_dealt_resisted":199,"minecraft:leave_game":2,"minecraft:time_since_death":9166,"minecraft:climb_one_cm":25214,"minecraft:sprint_one_cm":220998,"minecraft:walk_one_cm":256173,"minecraft:drop":42,"minecraft:talked_to_villager":4,"minecraft:play_time":200036,"minecraft:deaths":14,"minecraft:sneak_time":5479,"minecraft:walk_under_water_one_cm":27334,"minecraft:jump":1528,"minecraft:walk_on_water_one_cm":22067,"minecraft:total_world_time":200036,"minecraft:interact_with_furnace":26,"enigmaticlegacy:play_time_without_seven_curses":199554,"minecraft:sleep_in_bed":2,"minecraft:time_since_rest":8772,"minecraft:damage_taken":6265,"minecraft:damage_dealt":5259,"minecraft:swim_one_cm":149967,"minecraft:fly_one_cm":249259,"minecraft:open_chest":107,"minecraft:crouch_one_cm":9504,"tombstone:undead_killed":16,"minecraft:fall_one_cm":29189},"minecraft:mined":{"minecraft:diamond_ore":22,"minecraft:tuff":34,"minecraft:dark_oak_leaves":1,"minecraft:dark_oak_log":109,"minecraft:cherry_sapling":1,"thermal:tin_ore":2,"minecraft:carved_pumpkin":1,"minecraft:ladder":1,"minecraft:allium":4,"minecraft:grass_block":27,"gobber2:gobber2_lucky_block":28,"farmersdelight:wild_cabbages":12,"minecraft:moss_block":258,"minecraft:hay_block":22,"minecraft:tall_seagrass":4,"minecraft:large_fern":2,"minecraft:magma_block":1,"minecraft:cobbled_deepslate":8,"minecraft:iron_ore":64,"minecraft:fire":2,"minecraft:moss_carpet":1,"minecraft:cave_vines":2,"minecraft:deepslate_iron_ore":17,"minecraft:pink_tulip":3,"minecraft:stone":166,"minecraft:white_tulip":1,"minecraft:podzol":5,"mekanism:osmium_ore":10,"thermal:lead_ore":8,"minecraft:clay":350,"delightful:pumpkin_pie":2,"minecraft:dead_bush":2,"mekanism:tin_ore":4,"minecraft:copper_ore":144,"minecraft:tall_grass":14,"minecraft:deepslate_gold_ore":3,"minecraft:big_dripleaf":1,"minecraft:wall_torch":4,"minecraft:pink_petals":3,"minecraft:seagrass":5,"farmersdelight:sandy_shrub":8,"gobber2:gobber2_lucky_block_deepslate":8,"minecraft:grass":54,"minecraft:coal_ore":33,"minecraft:acacia_fence":2,"minecraft:cherry_leaves":17,"minecraft:gravel":319,"minecraft:dirt":85,"minecraft:cobweb":25,"thermal:nickel_ore":2,"minecraft:mossy_stone_bricks":1,"minecraft:gold_ore":7,"thermal:deepslate_sulfur_ore":2,"minecraft:fern":9,"minecraft:deepslate":87},"minecraft:dropped":{"minecraft:enchanted_book":2,"minecraft:moss_block":192,"minecraft:wheat_seeds":3,"minecraft:diamond":2,"minecraft:cobblestone":62,"minecraft:glow_berries":1,"enigmaticlegacy:golem_heart":2,"minecraft:tropical_fish":2,"minecraft:stick":103,"minecraft:flint":9,"minecraft:torch":75,"minecraft:sand":16,"minecraft:iron_pickaxe":2,"minecraft:fishing_rod":1,"minecraft:gravel":2,"minecraft:white_tulip":1,"minecraft:moss_carpet":34,"minecraft:iron_nugget":14,"minecraft:tuff":12,"minecraft:raw_iron":164,"minecraft:rotten_flesh":3,"justhammers:iron_hammer":1,"extendedcrafting:handheld_table":1,"minecraft:big_dripleaf":4,"minecraft:trident":1,"minecraft:arrow":18,"minecraft:bow":1},"minecraft:crafted":{"minecraft:cherry_planks":4,"minecraft:iron_nugget":648,"minecraft:furnace":3,"minecraft:diamond_shovel":1,"delightful:roasted_acorn":5,"minecraft:dark_oak_door":3,"minecraft:diamond":3,"thermal:iron_dust":40,"minecraft:diamond_helmet":1,"minecraft:ladder":27,"minecraft:stone_pickaxe":3,"minecraft:chest":6,"thermal:gold_dust":13,"minecraft:dark_oak_planks":8,"thermal:tin_dust":11,"minecraft:golden_sword":1,"sophisticatedbackpacks:iron_backpack":1,"minecraft:diamond_sword":1,"sophisticatedbackpacks:backpack":1,"minecraft:crafting_table":2,"farmersdelight:iron_knife":1,"minecraft:wooden_pickaxe":3,"minecraft:golden_pickaxe":1,"minecraft:copper_ingot":112,"ironchest:copper_chest":1,"sophisticatedbackpacks:gold_backpack":1,"minecraft:acacia_boat":1,"minecraft:air":0,"farmersdelight:beef_patty":6,"thermal:copper_dust":272,"farmersdelight:cutting_board":1,"justhammers:iron_hammer":5,"minecraft:diamond_pickaxe":1,"extendedcrafting:handheld_table":1,"minecraft:stick":284,"minecraft:iron_ingot":104,"minecraft:iron_pickaxe":5,"minecraft:cherry_door":3,"minecraft:gold_ingot":13,"minecraft:acacia_planks":12,"minecraft:torch":140,"minecraft:clay":131,"minecraft:diamond_chestplate":1}},"DataVersion":3465}