{"stats":{"minecraft:killed":{"grimoireofgaia:ender_eye":1,"minecraft:skeleton":3,"minecraft:zombie_villager":1,"minecraft:zombie":8,"grimoireofgaia:werecat":1},"minecraft:used":{"minecraft:stone_sword":55,"minecraft:ladder":11,"gobber2:gobber2_gooey_bread":1,"minecraft:chest":4,"minecraft:iron_sword":44,"minecraft:stone_hoe":4,"minecraft:torch":138,"minecraft:dirt":13,"minecraft:tuff":17,"farmersdelight:beef_patty":6,"delightful:roasted_acorn":5,"minecraft:dark_oak_planks":1,"gobber2:gobber2_gooey_beef":5,"farmersdelight:cutting_board":1,"minecraft:furnace":3,"delightful:pumpkin_pie_slice":10,"tombstone:gift":2,"farmersdelight:cooked_mutton_chops":1,"grimoireofgaia:meat":2,"minecraft:cobbled_deepslate":17,"miners_delight:copper_carrot":2,"farmersdelight:iron_knife":2,"minecraft:glass_bottle":1,"minecraft:stone_pickaxe":18,"minecraft:cherry_planks":1,"minecraft:glow_berries":14,"ironchest:copper_chest":1,"minecraft:dark_oak_door":3,"justhammers:iron_hammer":767,"minecraft:dark_prismarine":3,"minecraft:diamond_pickaxe":10,"minecraft:apple":6,"minecraft:cherry_door":1,"minecraft:dark_oak_log":1,"minecraft:iron_pickaxe":459,"minecraft:gravel":264,"minecraft:stone_axe":3,"minecraft:diamond_sword":11,"miners_delight:cave_carrot":8,"minecraft:potion":2,"minecraft:cobblestone":43},"minecraft:picked_up":{"minecraft:fishing_rod":1,"minecraft:allium":5,"minecraft:ladder":1,"minecraft:clay_ball":1188,"minecraft:enchanted_book":2,"enigmaticlegacy:enigmatic_eye":1,"minecraft:string":38,"minecraft:moss_carpet":36,"minecraft:raw_copper":530,"thermal:raw_nickel":2,"thermal:sulfur":30,"minecraft:cobbled_deepslate":433,"delightful:acorn":5,"minecraft:white_tulip":1,"thermal:niter":15,"minecraft:azalea":7,"minecraft:iron_nugget":258,"minecraft:chest":1,"delightful:green_tea_leaf":5,"minecraft:golden_helmet":1,"minecraft:dark_oak_sapling":13,"minecraft:stick":94,"minecraft:raw_iron":379,"grimoireofgaia:diamond_shard":34,"minecraft:acacia_fence":2,"minecraft:big_dripleaf":5,"minecraft:torch":99,"thermal:raw_lead":10,"farmersdelight:tomato_seeds":2,"minecraft:cherry_log":84,"tombstone:grave_dust":3,"minecraft:trident":1,"minecraft:redstone":18,"minecraft:prismarine_crystals":3,"mekanism:raw_tin":8,"gobber2:gobber2_foo":1,"minecraft:arrow":5,"minecraft:rotten_flesh":8,"minecraft:hay_block":14,"minecraft:pink_tulip":4,"minecraft:glow_berries":24,"minecraft:rail":3,"minecraft:cobblestone":1069,"minecraft:pink_petals":7,"minecraft:glow_ink_sac":3,"minecraft:cherry_planks":1,"mekanism:raw_lead":4,"minecraft:leather":2,"gobber2:gobber2_gooey_beefstew":2,"minecraft:potato":1,"enigmaticlegacy:golem_heart":1,"minecraft:flint":53,"minecraft:tuff":48,"minecraft:lapis_lazuli":6,"delightful:pumpkin_pie_slice":44,"minecraft:dirt":112,"minecraft:bone":2,"minecraft:kelp":18,"minecraft:apple":1,"gobber2:gobber2_gooey_beef":12,"minecraft:bow":1,"minecraft:wheat_seeds":12,"minecraft:raw_gold":11,"minecraft:heart_of_the_sea":1,"minecraft:iron_ingot":1,"minecraft:stone_pickaxe":1,"gobber2:gobber2_globette":6,"minecraft:mossy_stone_bricks":1,"minecraft:moss_block":258,"minecraft:prismarine":7,"minecraft:flowering_azalea":4,"gobber2:gobber2_gooey_bread":7,"thermal:raw_tin":2,"minecraft:gravel":1070,"minecraft:sand":16,"mekanism:raw_osmium":10,"minecraft:dark_oak_log":104,"grimoireofgaia:shiny_pearl":2,"minecraft:dark_prismarine":6,"minecraft:diamond":21,"mekanism:fluorite_gem":3,"knightquest:small_essence":2,"minecraft:cherry_sapling":43,"tombstone:magic_scroll":1,"minecraft:coal":20,"gobber2:gobber2_goo":12,"minecraft:ender_pearl":1},"minecraft:broken":{"minecraft:stone_sword":1,"justhammers:iron_hammer":3,"minecraft:stone_axe":1,"minecraft:iron_sword":1,"minecraft:iron_pickaxe":3},"minecraft:killed_by":{"minecraft:creeper":1,"grimoireofgaia:cecaelia":2,"grimoireofgaia:deathword":1,"grimoireofgaia:minotaurus":2,"minecraft:skeleton":1,"minecraft:zombie":1,"grimoireofgaia:witch":1,"grimoireofgaia:creep":1},"minecraft:custom":{"enigmaticlegacy:play_time_with_seven_curses":0,"lootr:looted_stat":19,"minecraft:mob_kills":14,"minecraft:damage_dealt_resisted":199,"minecraft:leave_game":2,"minecraft:time_since_death":2099,"minecraft:climb_one_cm":18577,"minecraft:sprint_one_cm":168822,"minecraft:walk_one_cm":223910,"minecraft:drop":39,"minecraft:play_time":176036,"minecraft:deaths":10,"minecraft:sneak_time":4993,"minecraft:walk_under_water_one_cm":15514,"minecraft:jump":1218,"minecraft:walk_on_water_one_cm":18222,"minecraft:total_world_time":176036,"minecraft:interact_with_furnace":26,"enigmaticlegacy:play_time_without_seven_curses":175720,"minecraft:sleep_in_bed":2,"minecraft:time_since_rest":1581,"minecraft:damage_taken":4555,"minecraft:damage_dealt":3946,"minecraft:swim_one_cm":93786,"minecraft:fly_one_cm":172716,"minecraft:open_chest":106,"minecraft:crouch_one_cm":9380,"tombstone:undead_killed":12,"minecraft:fall_one_cm":20306},"minecraft:mined":{"minecraft:diamond_ore":22,"minecraft:tuff":34,"minecraft:dark_oak_leaves":1,"minecraft:dark_oak_log":109,"minecraft:cherry_sapling":1,"thermal:tin_ore":2,"minecraft:ladder":1,"minecraft:allium":4,"minecraft:grass_block":25,"gobber2:gobber2_lucky_block":28,"minecraft:moss_block":258,"minecraft:hay_block":14,"minecraft:tall_seagrass":4,"minecraft:large_fern":2,"minecraft:cobbled_deepslate":8,"minecraft:iron_ore":64,"minecraft:fire":2,"minecraft:moss_carpet":1,"minecraft:cave_vines":2,"minecraft:deepslate_iron_ore":17,"minecraft:pink_tulip":3,"minecraft:stone":149,"minecraft:white_tulip":1,"minecraft:podzol":5,"mekanism:osmium_ore":10,"thermal:lead_ore":8,"minecraft:clay":350,"delightful:pumpkin_pie":1,"mekanism:tin_ore":4,"minecraft:copper_ore":144,"minecraft:tall_grass":3,"minecraft:deepslate_gold_ore":3,"minecraft:big_dripleaf":1,"minecraft:wall_torch":4,"minecraft:pink_petals":3,"minecraft:seagrass":5,"gobber2:gobber2_lucky_block_deepslate":8,"minecraft:grass":32,"minecraft:coal_ore":20,"minecraft:acacia_fence":2,"minecraft:cherry_leaves":17,"minecraft:gravel":319,"minecraft:dirt":83,"minecraft:cobweb":25,"thermal:nickel_ore":2,"minecraft:gold_ore":7,"thermal:deepslate_sulfur_ore":2,"minecraft:fern":9,"minecraft:deepslate":87},"minecraft:dropped":{"minecraft:enchanted_book":2,"minecraft:moss_block":192,"minecraft:wheat_seeds":3,"minecraft:diamond":2,"minecraft:cobblestone":62,"minecraft:glow_berries":1,"enigmaticlegacy:golem_heart":2,"minecraft:tropical_fish":2,"minecraft:stick":103,"minecraft:flint":9,"minecraft:torch":75,"minecraft:sand":16,"minecraft:iron_pickaxe":2,"minecraft:fishing_rod":1,"minecraft:gravel":2,"minecraft:white_tulip":1,"minecraft:moss_carpet":34,"minecraft:iron_nugget":14,"minecraft:tuff":12,"minecraft:raw_iron":164,"justhammers:iron_hammer":1,"extendedcrafting:handheld_table":1,"minecraft:big_dripleaf":4,"minecraft:trident":1,"minecraft:arrow":18,"minecraft:bow":1},"minecraft:crafted":{"minecraft:cherry_planks":4,"minecraft:iron_nugget":648,"minecraft:furnace":3,"minecraft:diamond_shovel":1,"delightful:roasted_acorn":5,"minecraft:dark_oak_door":3,"minecraft:diamond":3,"thermal:iron_dust":40,"minecraft:diamond_helmet":1,"minecraft:ladder":27,"minecraft:stone_pickaxe":3,"minecraft:chest":6,"thermal:gold_dust":13,"minecraft:dark_oak_planks":8,"thermal:tin_dust":11,"minecraft:golden_sword":1,"sophisticatedbackpacks:iron_backpack":1,"minecraft:diamond_sword":1,"sophisticatedbackpacks:backpack":1,"minecraft:crafting_table":2,"minecraft:wooden_pickaxe":3,"minecraft:golden_pickaxe":1,"minecraft:copper_ingot":112,"ironchest:copper_chest":1,"sophisticatedbackpacks:gold_backpack":1,"minecraft:air":0,"farmersdelight:beef_patty":6,"thermal:copper_dust":272,"farmersdelight:cutting_board":1,"justhammers:iron_hammer":5,"minecraft:diamond_pickaxe":1,"extendedcrafting:handheld_table":1,"minecraft:stick":284,"minecraft:iron_ingot":104,"minecraft:iron_pickaxe":5,"minecraft:cherry_door":3,"minecraft:gold_ingot":13,"minecraft:torch":132,"minecraft:clay":131,"minecraft:diamond_chestplate":1}},"DataVersion":3465}