{"stats":{"minecraft:killed":{"minecraft:skeleton":2,"minecraft:zombie_villager":1,"minecraft:zombie":6,"grimoireofgaia:werecat":1},"minecraft:used":{"minecraft:stone_sword":55,"minecraft:ladder":11,"minecraft:chest":2,"minecraft:stone_hoe":4,"minecraft:torch":63,"minecraft:dirt":13,"minecraft:tuff":17,"farmersdelight:beef_patty":6,"delightful:roasted_acorn":5,"minecraft:dark_oak_planks":1,"gobber2:gobber2_gooey_beef":1,"farmersdelight:cutting_board":1,"minecraft:furnace":3,"tombstone:gift":2,"farmersdelight:cooked_mutton_chops":1,"grimoireofgaia:meat":2,"farmersdelight:iron_knife":2,"minecraft:stone_pickaxe":18,"minecraft:cherry_planks":1,"minecraft:glow_berries":6,"ironchest:copper_chest":1,"justhammers:iron_hammer":505,"minecraft:apple":2,"minecraft:cherry_door":1,"minecraft:dark_oak_log":1,"minecraft:iron_pickaxe":459,"minecraft:gravel":264,"minecraft:stone_axe":3,"minecraft:cobblestone":33},"minecraft:picked_up":{"minecraft:fishing_rod":1,"minecraft:allium":5,"minecraft:ladder":1,"minecraft:clay_ball":1140,"minecraft:enchanted_book":2,"minecraft:moss_carpet":32,"minecraft:raw_copper":530,"thermal:raw_nickel":2,"thermal:sulfur":15,"minecraft:cobbled_deepslate":201,"delightful:acorn":5,"minecraft:white_tulip":1,"minecraft:azalea":7,"minecraft:iron_nugget":16,"delightful:green_tea_leaf":5,"minecraft:golden_helmet":1,"minecraft:dark_oak_sapling":13,"minecraft:stick":25,"minecraft:raw_iron":201,"grimoireofgaia:diamond_shard":20,"minecraft:acacia_fence":2,"minecraft:torch":5,"thermal:raw_lead":8,"minecraft:cherry_log":84,"minecraft:trident":1,"minecraft:redstone":18,"mekanism:raw_tin":8,"minecraft:arrow":2,"minecraft:rotten_flesh":5,"minecraft:pink_tulip":4,"minecraft:glow_berries":5,"minecraft:cobblestone":976,"minecraft:pink_petals":7,"minecraft:cherry_planks":1,"gobber2:gobber2_gooey_beefstew":1,"minecraft:potato":1,"minecraft:flint":44,"minecraft:tuff":29,"minecraft:lapis_lazuli":6,"minecraft:dirt":112,"minecraft:bone":2,"minecraft:apple":1,"gobber2:gobber2_gooey_beef":8,"minecraft:bow":1,"minecraft:wheat_seeds":12,"minecraft:raw_gold":11,"minecraft:iron_ingot":1,"minecraft:stone_pickaxe":1,"minecraft:moss_block":192,"minecraft:flowering_azalea":4,"gobber2:gobber2_gooey_bread":6,"thermal:raw_tin":2,"minecraft:gravel":932,"mekanism:raw_osmium":10,"minecraft:dark_oak_log":104,"grimoireofgaia:shiny_pearl":2,"knightquest:small_essence":1,"minecraft:cherry_sapling":43,"tombstone:magic_scroll":1,"minecraft:coal":20,"gobber2:gobber2_goo":10},"minecraft:broken":{"minecraft:stone_sword":1,"justhammers:iron_hammer":2,"minecraft:stone_axe":1,"minecraft:iron_pickaxe":3},"minecraft:killed_by":{"grimoireofgaia:cecaelia":2,"grimoireofgaia:minotaurus":2,"minecraft:skeleton":1,"grimoireofgaia:witch":1,"grimoireofgaia:creep":1},"minecraft:custom":{"enigmaticlegacy:play_time_with_seven_curses":0,"minecraft:mob_kills":10,"minecraft:damage_dealt_resisted":199,"minecraft:leave_game":2,"minecraft:time_since_death":1492,"minecraft:climb_one_cm":4482,"minecraft:sprint_one_cm":94197,"minecraft:walk_one_cm":162399,"minecraft:drop":14,"minecraft:play_time":116036,"minecraft:deaths":7,"minecraft:sneak_time":3482,"minecraft:walk_under_water_one_cm":1565,"minecraft:jump":812,"minecraft:walk_on_water_one_cm":6256,"minecraft:total_world_time":116036,"minecraft:interact_with_furnace":20,"enigmaticlegacy:play_time_without_seven_curses":115811,"minecraft:sleep_in_bed":2,"minecraft:time_since_rest":1277,"minecraft:damage_taken":2880,"minecraft:damage_dealt":2826,"minecraft:swim_one_cm":931,"minecraft:fly_one_cm":125185,"minecraft:open_chest":66,"minecraft:crouch_one_cm":6650,"tombstone:undead_killed":9,"minecraft:fall_one_cm":13067},"minecraft:mined":{"minecraft:tuff":29,"minecraft:dark_oak_leaves":1,"minecraft:dark_oak_log":109,"minecraft:cherry_sapling":1,"thermal:tin_ore":2,"minecraft:ladder":1,"minecraft:allium":4,"minecraft:grass_block":25,"gobber2:gobber2_lucky_block":28,"minecraft:moss_block":192,"minecraft:large_fern":2,"minecraft:iron_ore":63,"minecraft:fire":2,"minecraft:moss_carpet":1,"minecraft:cave_vines":1,"minecraft:deepslate_iron_ore":8,"minecraft:pink_tulip":3,"minecraft:stone":149,"minecraft:white_tulip":1,"minecraft:podzol":5,"mekanism:osmium_ore":10,"thermal:lead_ore":8,"minecraft:clay":349,"mekanism:tin_ore":4,"minecraft:copper_ore":144,"minecraft:tall_grass":2,"minecraft:deepslate_gold_ore":3,"minecraft:wall_torch":3,"minecraft:pink_petals":3,"gobber2:gobber2_lucky_block_deepslate":4,"minecraft:grass":31,"minecraft:coal_ore":20,"minecraft:acacia_fence":2,"minecraft:cherry_leaves":17,"minecraft:gravel":319,"minecraft:dirt":83,"thermal:nickel_ore":2,"minecraft:gold_ore":7,"thermal:deepslate_sulfur_ore":2,"minecraft:fern":9,"minecraft:deepslate":83},"minecraft:dropped":{"minecraft:enchanted_book":2,"minecraft:torch":11,"minecraft:iron_pickaxe":2,"minecraft:fishing_rod":1,"minecraft:white_tulip":1,"minecraft:iron_nugget":14,"justhammers:iron_hammer":1,"extendedcrafting:handheld_table":1,"minecraft:trident":1,"minecraft:bow":1},"minecraft:crafted":{"minecraft:cherry_planks":4,"minecraft:iron_nugget":414,"minecraft:furnace":3,"delightful:roasted_acorn":5,"minecraft:diamond":2,"thermal:iron_dust":40,"minecraft:ladder":27,"minecraft:stone_pickaxe":3,"minecraft:chest":3,"minecraft:dark_oak_planks":8,"thermal:tin_dust":11,"minecraft:crafting_table":2,"minecraft:wooden_pickaxe":3,"minecraft:copper_ingot":73,"ironchest:copper_chest":1,"minecraft:air":0,"farmersdelight:beef_patty":6,"thermal:copper_dust":272,"farmersdelight:cutting_board":1,"justhammers:iron_hammer":4,"extendedcrafting:handheld_table":1,"minecraft:stick":284,"minecraft:iron_ingot":76,"minecraft:iron_pickaxe":5,"minecraft:cherry_door":3,"minecraft:torch":132}},"DataVersion":3465}