{"stats":{"minecraft:used":{"minecraft:moss_carpet":2,"minecraft:stone_sword":55,"sophisticatedbackpacks:copper_backpack":1,"minecraft:ladder":11,"gobber2:gobber2_gooey_bread":1,"minecraft:chest":4,"farmersdelight:cabbage":2,"minecraft:iron_sword":44,"minecraft:stone_hoe":4,"minecraft:torch":152,"minecraft:dirt":13,"minecraft:tuff":23,"farmersdelight:beef_patty":6,"minecraft:dark_oak_planks":1,"delightful:roasted_acorn":5,"gobber2:gobber2_gooey_beef":5,"farmersdelight:cutting_board":1,"delightful:pumpkin_pie_slice":12,"minecraft:furnace":3,"grimoireofgaia:meat":2,"farmersdelight:cooked_mutton_chops":1,"tombstone:gift":2,"minecraft:egg":1,"minecraft:acacia_planks":4,"minecraft:cobbled_deepslate":17,"miners_delight:copper_carrot":2,"farmersdelight:iron_knife":3,"minecraft:acacia_boat":4,"minecraft:mossy_stone_bricks":1,"minecraft:glass_bottle":1,"minecraft:stone_pickaxe":18,"minecraft:cherry_planks":1,"minecraft:glow_berries":23,"ironchest:copper_chest":1,"justhammers:iron_hammer":1088,"minecraft:dark_oak_door":3,"waystones:waystone":1,"minecraft:dark_prismarine":3,"minecraft:diamond_pickaxe":541,"minecraft:apple":8,"minecraft:cherry_door":1,"minecraft:dark_oak_log":1,"minecraft:bread":15,"minecraft:iron_pickaxe":459,"minecraft:gravel":264,"minecraft:stone_axe":3,"minecraft:diamond_sword":123,"miners_delight:cave_carrot":8,"minecraft:potion":2,"minecraft:cobblestone":54},"minecraft:dropped":{"minecraft:enchanted_book":2,"minecraft:moss_block":192,"minecraft:wheat_seeds":3,"minecraft:diamond":2,"minecraft:cobblestone":62,"minecraft:glow_berries":1,"enigmaticlegacy:golem_heart":2,"minecraft:tropical_fish":2,"minecraft:flint":9,"minecraft:stick":103,"minecraft:torch":75,"minecraft:sand":16,"minecraft:fishing_rod":1,"minecraft:iron_pickaxe":2,"waystones:mossy_waystone":1,"minecraft:gravel":2,"minecraft:white_tulip":1,"minecraft:moss_carpet":34,"minecraft:iron_nugget":14,"minecraft:tuff":12,"minecraft:raw_iron":164,"minecraft:rotten_flesh":3,"justhammers:iron_hammer":1,"extendedcrafting:handheld_table":1,"minecraft:big_dripleaf":4,"minecraft:trident":1,"minecraft:bow":1,"minecraft:arrow":18},"minecraft:killed_by":{"minecraft:creeper":2,"grimoireofgaia:cecaelia":2,"grimoireofgaia:minotaurus":2,"grimoireofgaia:deathword":1,"cataclysm:deepling_brute":2,"minecraft:skeleton":2,"minecraft:zombie":1,"grimoireofgaia:witch":1,"grimoireofgaia:creep":1},"minecraft:crafted":{"minecraft:cherry_planks":4,"minecraft:leather_leggings":1,"minecraft:iron_nugget":1557,"minecraft:furnace":3,"minecraft:diamond_shovel":1,"delightful:roasted_acorn":5,"minecraft:dark_oak_door":3,"minecraft:diamond":12,"thermal:iron_dust":40,"minecraft:diamond_helmet":1,"minecraft:diamond_leggings":1,"minecraft:iron_boots":1,"minecraft:ladder":27,"minecraft:stone_pickaxe":3,"minecraft:chest":6,"thermal:gold_dust":13,"minecraft:dark_oak_planks":8,"thermal:tin_dust":11,"minecraft:golden_sword":1,"minecraft:raw_iron_block":19,"sophisticatedbackpacks:iron_backpack":2,"minecraft:diamond_sword":1,"sophisticatedbackpacks:backpack":1,"minecraft:diamond_axe":1,"minecraft:crafting_table":2,"farmersdelight:iron_knife":1,"minecraft:wooden_pickaxe":3,"minecraft:golden_pickaxe":1,"dustrial_decor:cardboard":8,"minecraft:copper_ingot":112,"ironchest:copper_chest":1,"sophisticatedbackpacks:gold_backpack":1,"farmersdelight:beef_patty":6,"minecraft:acacia_boat":1,"minecraft:air":0,"thermal:copper_dust":272,"farmersdelight:cutting_board":1,"justhammers:iron_hammer":6,"minecraft:paper":6,"minecraft:diamond_pickaxe":1,"extendedcrafting:handheld_table":1,"minecraft:stick":284,"minecraft:iron_ingot":192,"minecraft:iron_pickaxe":5,"minecraft:iron_leggings":1,"minecraft:cherry_door":3,"dustrial_decor:cardboard_leggings":1,"minecraft:gold_ingot":13,"minecraft:acacia_planks":12,"minecraft:torch":140,"minecraft:clay":131,"minecraft:diamond_chestplate":1},"minecraft:killed":{"minecraft:spider":2,"minecraft:skeleton":4,"grimoireofgaia:ender_eye":1,"minecraft:drowned":2,"minecraft:zombie_villager":1,"grimoireofgaia:cecaelia":1,"minecraft:zombie":11,"grimoireofgaia:werecat":1,"minecraft:cow":2},"minecraft:broken":{"minecraft:stone_sword":1,"justhammers:iron_hammer":3,"minecraft:stone_axe":1,"minecraft:iron_sword":1,"minecraft:iron_pickaxe":3},"minecraft:custom":{"enigmaticlegacy:play_time_with_seven_curses":0,"lootr:looted_stat":53,"minecraft:mob_kills":25,"minecraft:interact_with_crafting_table":1,"minecraft:damage_dealt_resisted":322,"minecraft:leave_game":3,"minecraft:time_since_death":66400,"minecraft:climb_one_cm":28010,"minecraft:sprint_one_cm":240699,"minecraft:walk_one_cm":270516,"minecraft:drop":43,"minecraft:talked_to_villager":4,"minecraft:play_time":257270,"minecraft:sneak_time":5698,"minecraft:deaths":14,"minecraft:walk_under_water_one_cm":47556,"minecraft:jump":1727,"minecraft:walk_on_water_one_cm":24176,"minecraft:total_world_time":257270,"minecraft:interact_with_furnace":29,"enigmaticlegacy:play_time_without_seven_curses":256788,"minecraft:sleep_in_bed":3,"minecraft:time_since_rest":51542,"minecraft:waystone_activated":3,"minecraft:damage_taken":6671,"minecraft:damage_dealt":6167,"minecraft:fly_one_cm":275407,"minecraft:swim_one_cm":160987,"minecraft:open_chest":141,"minecraft:crouch_one_cm":9539,"tombstone:undead_killed":18,"minecraft:fall_one_cm":34084},"minecraft:mined":{"minecraft:diamond_ore":22,"minecraft:tuff":131,"minecraft:mossy_cobblestone":1,"minecraft:dark_oak_leaves":1,"minecraft:deepslate_diamond_ore":1,"minecraft:cherry_sapling":1,"minecraft:dark_oak_log":109,"thermal:tin_ore":2,"minecraft:carved_pumpkin":1,"minecraft:ladder":1,"minecraft:allium":4,"minecraft:grass_block":27,"gobber2:gobber2_lucky_block":28,"farmersdelight:wild_cabbages":12,"minecraft:moss_block":258,"minecraft:large_fern":2,"minecraft:hay_block":22,"minecraft:tall_seagrass":4,"minecraft:magma_block":1,"minecraft:iron_ore":64,"minecraft:fire":2,"minecraft:cobbled_deepslate":8,"minecraft:moss_carpet":1,"minecraft:cave_vines":2,"minecraft:deepslate_iron_ore":18,"minecraft:pink_tulip":3,"minecraft:stone":202,"minecraft:white_tulip":1,"sophisticatedbackpacks:copper_backpack":1,"minecraft:podzol":5,"mekanism:osmium_ore":10,"minecraft:stone_brick_slab":1,"thermal:lead_ore":8,"minecraft:clay":350,"delightful:pumpkin_pie":2,"minecraft:dead_bush":2,"mekanism:tin_ore":4,"minecraft:lightning_rod":1,"minecraft:cobblestone":2,"minecraft:tall_grass":14,"minecraft:copper_ore":144,"minecraft:deepslate_gold_ore":9,"minecraft:wall_torch":4,"minecraft:big_dripleaf":1,"minecraft:deepslate_copper_ore":12,"minecraft:pink_petals":3,"minecraft:seagrass":5,"farmersdelight:sandy_shrub":8,"minecraft:sea_pickle":1,"gobber2:gobber2_lucky_block_deepslate":23,"minecraft:grass":54,"minecraft:coal_ore":33,"minecraft:cherry_leaves":17,"minecraft:acacia_fence":2,"minecraft:gravel":319,"minecraft:dirt":85,"minecraft:cobweb":25,"thermal:nickel_ore":2,"minecraft:raw_copper_block":5,"minecraft:mossy_stone_bricks":1,"minecraft:gold_ore":7,"minecraft:fern":9,"minecraft:deepslate":409,"thermal:deepslate_sulfur_ore":2},"minecraft:picked_up":{"minecraft:fishing_rod":1,"minecraft:wheat":110,"minecraft:allium":5,"minecraft:ladder":1,"minecraft:clay_ball":1188,"minecraft:prismarine_shard":2,"minecraft:lead":2,"minecraft:enchanted_book":2,"enigmaticlegacy:enigmatic_eye":1,"minecraft:string":39,"minecraft:moss_carpet":38,"minecraft:raw_copper":575,"thermal:raw_nickel":2,"thermal:sulfur":30,"minecraft:sea_pickle":4,"minecraft:cracked_stone_bricks":1,"minecraft:cobbled_deepslate":1227,"farmersdelight:cabbage":2,"delightful:acorn":5,"minecraft:beef":4,"minecraft:white_tulip":1,"thermal:niter":23,"minecraft:azalea":7,"minecraft:iron_nugget":260,"minecraft:chest":1,"delightful:green_tea_leaf":6,"minecraft:raw_copper_block":5,"farmersdelight:cabbage_seeds":12,"minecraft:egg":3,"minecraft:stick":96,"minecraft:golden_helmet":1,"minecraft:dark_oak_sapling":13,"minecraft:raw_iron":381,"grimoireofgaia:diamond_shard":114,"minecraft:acacia_fence":2,"minecraft:big_dripleaf":5,"minecraft:torch":102,"thermal:raw_lead":10,"minecraft:acacia_log":3,"minecraft:lightning_rod":1,"minecraft:golden_axe":1,"farmersdelight:tomato_seeds":2,"minecraft:cherry_log":84,"tombstone:grave_dust":4,"minecraft:trident":1,"minecraft:redstone":18,"minecraft:prismarine_crystals":3,"mekanism:raw_tin":8,"gobber2:gobber2_foo":4,"minecraft:arrow":7,"minecraft:rotten_flesh":22,"minecraft:beetroot_seeds":1,"minecraft:hay_block":22,"minecraft:carved_pumpkin":1,"minecraft:pink_tulip":4,"minecraft:gold_ingot":3,"sophisticatedbackpacks:copper_backpack":2,"minecraft:glow_berries":24,"minecraft:cobblestone":1169,"minecraft:rail":3,"minecraft:pink_petals":7,"minecraft:magma_block":1,"minecraft:glow_ink_sac":3,"minecraft:cherry_planks":1,"mekanism:raw_lead":4,"minecraft:leather":6,"gobber2:gobber2_gooey_beefstew":4,"minecraft:potato":1,"enigmaticlegacy:golem_heart":1,"minecraft:flint":53,"minecraft:tuff":225,"minecraft:acacia_boat":3,"minecraft:lapis_lazuli":6,"delightful:pumpkin_pie_slice":46,"minecraft:dirt":135,"minecraft:lantern":2,"bhc:red_heart":1,"minecraft:apple":3,"minecraft:bone":4,"minecraft:stone_bricks":2,"gobber2:gobber2_gooey_beef":16,"minecraft:bow":1,"minecraft:kelp":18,"minecraft:wheat_seeds":208,"minecraft:raw_gold":17,"minecraft:heart_of_the_sea":1,"minecraft:iron_ingot":2,"minecraft:stone_pickaxe":1,"gobber2:gobber2_globette":12,"minecraft:mossy_stone_bricks":2,"gobber2:gobber2_gooey_bread":9,"minecraft:prismarine":7,"minecraft:moss_block":258,"minecraft:flowering_azalea":4,"thermal:raw_tin":2,"minecraft:stone_brick_slab":1,"waystones:mossy_waystone":1,"minecraft:gravel":1949,"minecraft:sand":16,"minecraft:dark_oak_log":104,"grimoireofgaia:shiny_pearl":5,"mekanism:raw_osmium":12,"minecraft:spider_eye":1,"minecraft:barrel":1,"minecraft:mossy_cobblestone":2,"minecraft:dark_prismarine":6,"minecraft:diamond":22,"waystones:waystone":1,"minecraft:iron_helmet":1,"knightquest:small_essence":4,"mekanism:fluorite_gem":3,"minecraft:cherry_sapling":43,"minecraft:golden_apple":1,"minecraft:coal":38,"minecraft:brown_banner":2,"tombstone:magic_scroll":1,"minecraft:oak_sapling":3,"gobber2:gobber2_goo":17,"minecraft:ender_pearl":1}},"DataVersion":3465}