{"stats":{"minecraft:dropped":{"minecraft:gravel":1,"delightful:roasted_acorn":7},"minecraft:crafted":{"minecraft:wooden_sword":1,"minecraft:wooden_shovel":1,"minecraft:stone_shovel":1,"minecraft:iron_nugget":6,"minecraft:crafting_table":1,"minecraft:wooden_pickaxe":2,"minecraft:furnace":1,"minecraft:stone_axe":1,"delightful:roasted_acorn":12,"minecraft:air":0,"farmersdelight:cutting_board":1,"minecraft:paper":3,"minecraft:wooden_hoe":1,"minecraft:charcoal":20,"extendedcrafting:handheld_table":1,"minecraft:stone_pickaxe":1,"minecraft:wooden_axe":2,"minecraft:stone_sword":1,"minecraft:chest":1,"minecraft:dark_oak_planks":228,"minecraft:torch":12,"minecraft:stone_hoe":1},"minecraft:broken":{"minecraft:wooden_axe":1,"minecraft:wooden_pickaxe":1},"minecraft:used":{"farmersdelight:iron_knife":120,"minecraft:stone_sword":28,"minecraft:stone_pickaxe":6,"minecraft:chest":1,"minecraft:wooden_pickaxe":59,"minecraft:white_wool":1,"minecraft:torch":3,"minecraft:dirt":19,"delightful:roasted_acorn":5,"minecraft:apple":11,"minecraft:stone_axe":16,"farmersdelight:cutting_board":1,"minecraft:cobblestone":38,"minecraft:furnace":2},"minecraft:custom":{"enigmaticlegacy:play_time_with_seven_curses":0,"lootr:looted_stat":1,"minecraft:interact_with_furnace":18,"minecraft:mob_kills":4,"enigmaticlegacy:play_time_without_seven_curses":43055,"minecraft:leave_game":1,"minecraft:time_since_death":15499,"minecraft:climb_one_cm":1204,"minecraft:time_since_rest":14778,"minecraft:sprint_one_cm":42541,"minecraft:damage_taken":952,"minecraft:walk_one_cm":36669,"minecraft:drop":2,"minecraft:damage_dealt":689,"minecraft:swim_one_cm":23605,"minecraft:fly_one_cm":38537,"minecraft:open_chest":2,"minecraft:crouch_one_cm":1114,"minecraft:play_time":43104,"minecraft:deaths":1,"minecraft:sneak_time":849,"minecraft:walk_under_water_one_cm":3619,"minecraft:jump":199,"minecraft:walk_on_water_one_cm":4196,"minecraft:total_world_time":43104,"minecraft:fall_one_cm":5227},"minecraft:killed_by":{"grimoireofgaia:spriggan":1},"minecraft:killed":{"minecraft:spider":2,"majruszsdifficulty:cursed_armor":1,"minecraft:sheep":1},"minecraft:picked_up":{"minecraft:allium":17,"minecraft:pink_petals":3,"minecraft:charcoal":64,"delightful:animal_fat":3,"farmersdelight:cutting_board":1,"minecraft:dirt":19,"minecraft:string":3,"minecraft:apple":10,"minecraft:wheat_seeds":15,"delightful:acorn":24,"minecraft:white_tulip":1,"farmersdelight:straw":16,"minecraft:jungle_sapling":3,"minecraft:bamboo":41,"delightful:green_tea_leaf":7,"minecraft:furnace":2,"minecraft:dark_oak_sapling":77,"minecraft:stick":81,"farmersdelight:minced_beef":6,"minecraft:torch":3,"minecraft:gravel":8,"minecraft:cherry_log":88,"minecraft:dark_oak_log":145,"delightful:roasted_acorn":7,"minecraft:cherry_sapling":28,"minecraft:pink_tulip":3,"minecraft:mutton":2,"minecraft:white_wool":1,"minecraft:cobblestone":57},"minecraft:mined":{"minecraft:cherry_log":40,"minecraft:cherry_sapling":1,"minecraft:dark_oak_log":57,"minecraft:allium":17,"minecraft:grass_block":3,"minecraft:cobblestone":3,"minecraft:wall_torch":3,"minecraft:pink_petals":4,"minecraft:furnace":2,"minecraft:fire":12,"farmersdelight:cutting_board":1,"minecraft:birch_leaves":1,"minecraft:grass":71,"minecraft:dark_oak_sapling":1,"minecraft:cherry_leaves":4,"minecraft:gravel":7,"minecraft:dirt":17,"minecraft:pink_tulip":2,"minecraft:bamboo":5,"minecraft:white_tulip":1,"minecraft:stone":54,"minecraft:fern":24}},"DataVersion":3465}