{"stats":{"minecraft:crafted":{"minecraft:dark_oak_planks":228,"extendedcrafting:handheld_table":1,"minecraft:crafting_table":1,"minecraft:wooden_pickaxe":1,"minecraft:wooden_axe":1},"minecraft:broken":{"minecraft:wooden_axe":1,"minecraft:wooden_pickaxe":1},"minecraft:used":{"minecraft:dirt":5,"minecraft:apple":1,"minecraft:wooden_pickaxe":59},"minecraft:custom":{"minecraft:time_since_rest":7104,"enigmaticlegacy:play_time_with_seven_curses":0,"minecraft:crouch_one_cm":118,"minecraft:play_time":7104,"minecraft:sprint_one_cm":16218,"minecraft:walk_one_cm":9948,"minecraft:sneak_time":201,"minecraft:jump":39,"minecraft:leave_game":1,"minecraft:time_since_death":7104,"minecraft:climb_one_cm":294,"enigmaticlegacy:play_time_without_seven_curses":7104,"minecraft:total_world_time":7104,"minecraft:fall_one_cm":1103,"minecraft:fly_one_cm":6856},"minecraft:picked_up":{"minecraft:dark_oak_sapling":62,"minecraft:stick":50,"minecraft:apple":7,"minecraft:wheat_seeds":1,"delightful:acorn":15,"minecraft:jungle_sapling":2,"minecraft:cherry_sapling":7,"minecraft:cherry_log":35,"delightful:green_tea_leaf":7,"minecraft:dark_oak_log":139,"minecraft:dirt":19,"minecraft:cobblestone":54},"minecraft:mined":{"minecraft:grass_block":3,"minecraft:dark_oak_sapling":1,"minecraft:dirt":16,"minecraft:stone":54,"minecraft:cherry_log":35,"minecraft:dark_oak_log":57}},"DataVersion":3465}