{"stats":{"minecraft:killed_by":{"minecraft:stray":2,"minecraft:creeper":2,"minecraft:vindicator":3},"minecraft:mined":{"minecraft:dark_oak_planks":3,"minecraft:spruce_planks":17,"minecraft:white_bed":3,"minecraft:spruce_leaves":128,"minecraft:chiseled_stone_bricks":2,"minecraft:hay_block":112,"minecraft:iron_ore":3,"minecraft:fire":1,"minecraft:stripped_spruce_log":3,"minecraft:pumpkin":38,"minecraft:dark_oak_stairs":2,"minecraft:packed_ice":15,"minecraft:stone":124,"minecraft:white_wool":48,"minecraft:spruce_slab":1,"minecraft:tripwire":6,"minecraft:deepslate_redstone_ore":38,"farmersdelight:organic_compost":4,"minecraft:blackstone":10,"minecraft:crimson_nylium":2,"minecraft:powder_snow":4,"minecraft:clay":17,"morevillagers:oceanography_table":1,"minecraft:spruce_wall_sign":1,"minecraft:cobblestone":8,"delightful:wild_salmonberries":1,"minecraft:bricks":22,"minecraft:blue_bed":4,"minecraft:wall_torch":2,"minecraft:spruce_stairs":1,"minecraft:blue_ice":5,"minecraft:sweet_berry_bush":1,"minecraft:ice":1,"minecraft:white_carpet":2,"minecraft:spruce_log":27,"minecraft:tnt":7,"minecraft:stone_brick_stairs":1,"minecraft:grass":3,"delightful:mini_melon":18,"minecraft:sand":43,"minecraft:dirt":76,"minecraft:terracotta":3,"minecraft:tripwire_hook":4,"minecraft:stone_bricks":3,"minecraft:netherrack":20},"minecraft:broken":{"minecraft:golden_helmet":1,"minecraft:wooden_pickaxe":1,"minecraft:iron_axe":1},"minecraft:dropped":{"minecraft:bread":38,"thermal:blitz_rod":1,"minecraft:tripwire_hook":4,"minecraft:blue_bed":1,"thermal:blizz_rod":1,"minecraft:rotten_flesh":6,"minecraft:white_bed":1,"minecraft:terracotta":3},"minecraft:picked_up":{"minecraft:clay_ball":68,"minecraft:stone_brick_stairs":1,"minecraft:oak_trapdoor":1,"minecraft:string":10,"minecraft:white_carpet":1,"minecraft:item_frame":1,"minecraft:blackstone":7,"minecraft:spruce_planks":18,"minecraft:iron_nugget":3,"minecraft:spruce_slab":1,"minecraft:chest":1,"delightful:green_tea_leaf":2,"minecraft:dark_oak_door":2,"minecraft:golden_helmet":1,"minecraft:tipped_arrow":3,"minecraft:stick":20,"minecraft:raw_iron":3,"minecraft:torch":4,"minecraft:spruce_stairs":2,"minecraft:stone_button":2,"tombstone:grave_dust":1,"minecraft:carrot":2,"minecraft:redstone":167,"mekanism:raw_tin":8,"minecraft:dark_oak_planks":2,"minecraft:tnt":7,"minecraft:arrow":6,"minecraft:rotten_flesh":8,"minecraft:hay_block":112,"minecraft:iron_block":1,"minecraft:gold_ingot":1,"minecraft:snowball":258,"minecraft:white_wool":48,"minecraft:cobblestone":132,"minecraft:feather":4,"minecraft:tripwire_hook":4,"minecraft:potato":2,"minecraft:blue_bed":5,"minecraft:dirt":97,"minecraft:lantern":2,"farmersdelight:organic_compost":4,"bhc:red_heart":1,"minecraft:bone":2,"morevillagers:oceanography_table":1,"minecraft:stone_bricks":3,"delightful:mini_melon":18,"tombstone:bag_of_seeds":1,"minecraft:dark_oak_stairs":1,"thermal:blitz_rod":1,"minecraft:pumpkin":38,"minecraft:sweet_berries":2,"minecraft:chiseled_stone_bricks":2,"minecraft:sand":43,"minecraft:stripped_spruce_log":31,"minecraft:spruce_sapling":20,"thermal:blizz_rod":1,"delightful:salmonberries":1,"minecraft:white_bed":3,"minecraft:spruce_log":61,"minecraft:spruce_door":1,"minecraft:polished_diorite":1,"minecraft:spruce_sign":1,"minecraft:bread":2,"minecraft:terracotta":6,"tombstone:magic_scroll":1,"minecraft:netherrack":24,"minecraft:bricks":22,"grimoireofgaia:fur":1},"minecraft:custom":{"enigmaticlegacy:play_time_with_seven_curses":0,"lootr:looted_stat":23,"minecraft:mob_kills":10,"minecraft:leave_game":6,"minecraft:time_since_death":30232,"minecraft:climb_one_cm":3119,"minecraft:sprint_one_cm":281343,"minecraft:walk_one_cm":248116,"minecraft:drop":13,"minecraft:talked_to_villager":2,"minecraft:play_time":143686,"minecraft:deaths":8,"minecraft:sneak_time":2374,"minecraft:jump":1593,"minecraft:walk_on_water_one_cm":895,"minecraft:total_world_time":143686,"minecraft:interact_with_furnace":10,"enigmaticlegacy:play_time_without_seven_curses":143445,"minecraft:sleep_in_bed":11,"minecraft:time_since_rest":16915,"minecraft:damage_taken":4171,"minecraft:damage_dealt":2321,"minecraft:fly_one_cm":388838,"minecraft:open_chest":19,"minecraft:crouch_one_cm":2977,"tombstone:undead_killed":5,"minecraft:fall_one_cm":28688},"minecraft:crafted":{"minecraft:melon_slice":54,"minecraft:stone":3,"thermal:iron_dust":3,"minecraft:ladder":39,"minecraft:stone_pickaxe":1,"minecraft:chest":4,"minecraft:wheat":981,"minecraft:crafting_table":1,"minecraft:spruce_planks":264,"minecraft:wooden_pickaxe":2,"minecraft:spruce_door":3,"minecraft:hay_block":80,"minecraft:air":0,"minecraft:bread":85,"justhammers:stone_hammer":1,"extendedcrafting:handheld_table":1,"minecraft:stick":68,"minecraft:iron_ingot":12,"minecraft:iron_pickaxe":1,"minecraft:wooden_axe":2,"minecraft:white_bed":1},"minecraft:killed":{"thermal:blizz":2,"majruszsdifficulty:creeperling":1,"thermal:blitz":1,"minecraft:zombie":2,"grimoireofgaia:harpy":1,"minecraft:stray":3},"minecraft:used":{"minecraft:ladder":16,"minecraft:spruce_planks":86,"minecraft:chest":4,"minecraft:torch":12,"minecraft:dirt":46,"minecraft:spruce_stairs":2,"minecraft:snowball":7,"minecraft:wooden_axe":37,"minecraft:dark_oak_planks":2,"minecraft:iron_axe":201,"minecraft:stone_bricks":2,"minecraft:item_frame":1,"delightful:green_tea_leaf":1,"minecraft:light_gray_wool":2,"minecraft:furnace":1,"tombstone:gift":1,"minecraft:dark_oak_stairs":1,"minecraft:spruce_door":3,"minecraft:wooden_pickaxe":61,"minecraft:spruce_sign":1,"minecraft:blue_bed":4,"farmersdelight:organic_compost":4,"minecraft:white_bed":3,"minecraft:dark_oak_door":2,"minecraft:apple":1,"minecraft:melon_slice":3,"minecraft:bread":33,"minecraft:iron_pickaxe":231,"minecraft:chiseled_stone_bricks":2,"minecraft:cobblestone":66}},"DataVersion":3465}