{"stats":{"minecraft:dropped":{"minecraft:rotten_flesh":6},"minecraft:killed_by":{"minecraft:vindicator":3,"minecraft:stray":1,"minecraft:creeper":1},"minecraft:crafted":{"minecraft:crafting_table":1,"minecraft:spruce_planks":176,"minecraft:melon_slice":54,"minecraft:wooden_pickaxe":1,"minecraft:bread":85,"extendedcrafting:handheld_table":1,"minecraft:ladder":39,"minecraft:stick":64,"minecraft:wooden_axe":1,"minecraft:chest":2,"minecraft:white_bed":1,"minecraft:wheat":981},"minecraft:picked_up":{"minecraft:feather":4,"minecraft:potato":2,"minecraft:stone_brick_stairs":1,"minecraft:dirt":8,"minecraft:string":4,"farmersdelight:organic_compost":4,"minecraft:bone":2,"morevillagers:oceanography_table":1,"minecraft:stone_bricks":3,"delightful:mini_melon":18,"minecraft:spruce_planks":4,"tombstone:bag_of_seeds":1,"minecraft:iron_nugget":2,"minecraft:spruce_slab":1,"minecraft:chest":1,"minecraft:dark_oak_stairs":1,"minecraft:golden_helmet":1,"minecraft:tipped_arrow":2,"minecraft:stick":14,"minecraft:pumpkin":37,"minecraft:sweet_berries":2,"minecraft:chiseled_stone_bricks":2,"minecraft:torch":2,"minecraft:spruce_stairs":2,"minecraft:stripped_spruce_log":17,"minecraft:spruce_sapling":16,"minecraft:white_bed":3,"minecraft:spruce_log":30,"minecraft:carrot":2,"minecraft:spruce_door":1,"minecraft:dark_oak_planks":2,"minecraft:arrow":5,"minecraft:rotten_flesh":6,"minecraft:hay_block":109,"minecraft:snowball":16,"minecraft:white_wool":48},"minecraft:mined":{"minecraft:dark_oak_planks":3,"minecraft:spruce_planks":3,"minecraft:white_bed":3,"farmersdelight:organic_compost":4,"morevillagers:oceanography_table":1,"minecraft:spruce_leaves":46,"minecraft:wall_torch":1,"minecraft:chiseled_stone_bricks":2,"minecraft:spruce_stairs":1,"minecraft:hay_block":109,"minecraft:sweet_berry_bush":1,"minecraft:blue_ice":1,"minecraft:spruce_log":21,"minecraft:stripped_spruce_log":3,"minecraft:pumpkin":37,"minecraft:stone_brick_stairs":1,"minecraft:dark_oak_stairs":2,"minecraft:grass":3,"delightful:mini_melon":18,"minecraft:dirt":8,"minecraft:packed_ice":3,"minecraft:tripwire_hook":2,"minecraft:stone_bricks":3,"minecraft:white_wool":48,"minecraft:spruce_slab":1},"minecraft:used":{"minecraft:dark_oak_stairs":1,"minecraft:spruce_door":1,"minecraft:ladder":16,"minecraft:spruce_planks":25,"minecraft:chest":2,"minecraft:wooden_pickaxe":11,"farmersdelight:organic_compost":4,"minecraft:torch":3,"minecraft:dirt":5,"minecraft:spruce_stairs":2,"minecraft:white_bed":3,"minecraft:dark_oak_planks":2,"minecraft:wooden_axe":27,"minecraft:apple":1,"minecraft:iron_axe":73,"minecraft:bread":9,"minecraft:melon_slice":3,"minecraft:stone_bricks":2,"minecraft:light_gray_wool":2,"minecraft:chiseled_stone_bricks":2},"minecraft:custom":{"enigmaticlegacy:play_time_with_seven_curses":0,"minecraft:interact_with_furnace":1,"lootr:looted_stat":12,"minecraft:mob_kills":3,"enigmaticlegacy:play_time_without_seven_curses":62540,"minecraft:leave_game":2,"minecraft:time_since_death":4924,"minecraft:sleep_in_bed":4,"minecraft:climb_one_cm":3119,"minecraft:time_since_rest":3792,"minecraft:sprint_one_cm":107059,"minecraft:damage_taken":2090,"minecraft:walk_one_cm":103555,"minecraft:drop":6,"minecraft:damage_dealt":897,"minecraft:fly_one_cm":212088,"minecraft:open_chest":8,"minecraft:crouch_one_cm":1804,"tombstone:undead_killed":2,"minecraft:play_time":62695,"minecraft:sneak_time":1215,"minecraft:deaths":5,"minecraft:jump":609,"minecraft:total_world_time":62695,"minecraft:fall_one_cm":2621},"minecraft:killed":{"minecraft:stray":2,"grimoireofgaia:harpy":1}},"DataVersion":3465}