{"stats":{"minecraft:crafted":{"minecraft:crafting_table":1,"extendedcrafting:handheld_table":1,"minecraft:melon_slice":27,"minecraft:spruce_planks":120,"minecraft:wooden_pickaxe":1,"minecraft:wooden_axe":1},"minecraft:used":{"minecraft:wooden_axe":27,"minecraft:apple":1,"minecraft:melon_slice":1,"minecraft:spruce_planks":3},"minecraft:mined":{"minecraft:grass":3,"delightful:mini_melon":9,"minecraft:sweet_berry_bush":1,"minecraft:spruce_log":21,"minecraft:spruce_leaves":46,"minecraft:pumpkin":13},"minecraft:custom":{"minecraft:time_since_rest":13,"enigmaticlegacy:play_time_with_seven_curses":0,"minecraft:deaths":1,"minecraft:crouch_one_cm":85,"minecraft:play_time":23010,"minecraft:sprint_one_cm":29114,"minecraft:damage_taken":390,"minecraft:walk_one_cm":13787,"minecraft:sneak_time":92,"minecraft:jump":90,"minecraft:damage_dealt":30,"minecraft:time_since_death":0,"minecraft:leave_game":1,"minecraft:total_world_time":23010,"enigmaticlegacy:play_time_without_seven_curses":22997,"minecraft:fly_one_cm":33978},"minecraft:picked_up":{"minecraft:stick":14,"minecraft:pumpkin":13,"minecraft:sweet_berries":2,"delightful:mini_melon":9,"minecraft:spruce_sapling":16,"minecraft:spruce_log":30,"minecraft:carrot":2},"minecraft:killed_by":{"minecraft:vindicator":1}},"DataVersion":3465}