{"stats":{"minecraft:dropped":{"minecraft:gravel":1,"delightful:roasted_acorn":7},"minecraft:crafted":{"minecraft:wooden_sword":1,"minecraft:wooden_shovel":1,"minecraft:stone_shovel":1,"minecraft:iron_nugget":117,"minecraft:crafting_table":1,"minecraft:wooden_pickaxe":2,"minecraft:furnace":1,"minecraft:stone_axe":1,"delightful:roasted_acorn":12,"minecraft:air":0,"farmersdelight:cutting_board":1,"minecraft:string":6,"minecraft:white_wool":3,"minecraft:paper":3,"minecraft:wooden_hoe":1,"minecraft:charcoal":20,"extendedcrafting:handheld_table":1,"minecraft:iron_ingot":13,"minecraft:stone_pickaxe":1,"minecraft:wooden_axe":2,"minecraft:stone_sword":1,"minecraft:chest":1,"minecraft:white_bed":1,"minecraft:dark_oak_planks":228,"minecraft:torch":12,"minecraft:stone_hoe":1},"minecraft:broken":{"minecraft:wooden_axe":1,"minecraft:wooden_pickaxe":1},"minecraft:used":{"farmersdelight:iron_knife":243,"minecraft:stone_sword":65,"minecraft:stone_shovel":127,"minecraft:stone_pickaxe":7,"minecraft:chest":1,"minecraft:wooden_pickaxe":59,"minecraft:white_wool":1,"minecraft:torch":3,"minecraft:dirt":19,"minecraft:white_bed":1,"delightful:roasted_acorn":12,"minecraft:apple":11,"minecraft:gravel":7,"minecraft:stone_axe":16,"farmersdelight:cutting_board":1,"minecraft:cobblestone":38,"minecraft:furnace":3},"minecraft:custom":{"enigmaticlegacy:play_time_with_seven_curses":0,"lootr:looted_stat":1,"minecraft:interact_with_furnace":18,"minecraft:mob_kills":10,"enigmaticlegacy:play_time_without_seven_curses":54997,"minecraft:leave_game":1,"minecraft:time_since_death":2640,"minecraft:climb_one_cm":1204,"minecraft:time_since_rest":2448,"minecraft:sprint_one_cm":65196,"minecraft:damage_taken":1797,"minecraft:walk_one_cm":54783,"minecraft:drop":2,"minecraft:damage_dealt":2137,"minecraft:swim_one_cm":35875,"minecraft:fly_one_cm":86802,"minecraft:open_chest":5,"minecraft:crouch_one_cm":2474,"minecraft:play_time":55104,"tombstone:undead_killed":3,"minecraft:deaths":3,"minecraft:sneak_time":1682,"minecraft:walk_under_water_one_cm":6526,"minecraft:jump":389,"minecraft:walk_on_water_one_cm":12298,"minecraft:total_world_time":55104,"minecraft:fall_one_cm":9109},"minecraft:killed":{"minecraft:spider":2,"majruszsdifficulty:cursed_armor":1,"minecraft:sheep":2,"minecraft:zombie":3,"grimoireofgaia:werecat":2},"minecraft:killed_by":{"grimoireofgaia:cecaelia":1,"grimoireofgaia:spriggan":1,"grimoireofgaia:werecat":1},"minecraft:picked_up":{"minecraft:allium":32,"minecraft:pink_petals":20,"minecraft:charcoal":64,"delightful:animal_fat":3,"minecraft:flint":11,"farmersdelight:cutting_board":1,"minecraft:dirt":19,"minecraft:string":3,"minecraft:bone":1,"minecraft:apple":10,"minecraft:wheat_seeds":26,"delightful:acorn":24,"minecraft:white_tulip":3,"farmersdelight:straw":25,"minecraft:jungle_sapling":3,"minecraft:iron_nugget":2,"minecraft:bamboo":41,"delightful:green_tea_leaf":7,"minecraft:furnace":2,"minecraft:dark_oak_sapling":77,"minecraft:stick":81,"grimoireofgaia:meat":3,"farmersdelight:minced_beef":6,"minecraft:torch":3,"minecraft:gravel":125,"minecraft:cherry_log":88,"tombstone:grave_dust":1,"minecraft:dark_oak_log":145,"minecraft:arrow":1,"minecraft:rotten_flesh":4,"delightful:roasted_acorn":7,"minecraft:cherry_sapling":28,"minecraft:pink_tulip":10,"minecraft:mutton":4,"minecraft:white_wool":1,"minecraft:cobblestone":58},"minecraft:mined":{"minecraft:cherry_log":40,"minecraft:cherry_sapling":1,"minecraft:dark_oak_log":57,"minecraft:allium":32,"minecraft:grass_block":3,"minecraft:cobblestone":4,"minecraft:wall_torch":3,"minecraft:pink_petals":10,"minecraft:furnace":2,"minecraft:fire":12,"farmersdelight:cutting_board":1,"minecraft:birch_leaves":1,"minecraft:grass":141,"minecraft:dark_oak_sapling":1,"minecraft:cherry_leaves":4,"minecraft:gravel":136,"minecraft:dirt":17,"minecraft:pink_tulip":9,"minecraft:bamboo":5,"minecraft:white_tulip":3,"minecraft:stone":54,"minecraft:fern":47}},"DataVersion":3465}