{"stats":{"minecraft:killed_by":{"minecraft:vindicator":3,"minecraft:creeper":1},"minecraft:crafted":{"extendedcrafting:handheld_table":1,"minecraft:crafting_table":1,"minecraft:melon_slice":54,"minecraft:spruce_planks":120,"minecraft:wooden_pickaxe":1,"minecraft:wooden_axe":1},"minecraft:picked_up":{"minecraft:stick":14,"minecraft:feather":2,"minecraft:pumpkin":13,"minecraft:sweet_berries":2,"minecraft:chiseled_stone_bricks":1,"minecraft:torch":1,"minecraft:potato":2,"minecraft:stone_brick_stairs":1,"minecraft:spruce_sapling":16,"minecraft:spruce_log":30,"minecraft:carrot":2,"minecraft:string":4,"minecraft:dark_oak_planks":2,"farmersdelight:organic_compost":4,"minecraft:arrow":4,"minecraft:rotten_flesh":3,"minecraft:stone_bricks":1,"delightful:mini_melon":18,"minecraft:hay_block":109,"minecraft:iron_nugget":1,"minecraft:dark_oak_stairs":1,"minecraft:snowball":16,"minecraft:white_wool":48},"minecraft:mined":{"minecraft:dark_oak_planks":3,"minecraft:hay_block":109,"farmersdelight:organic_compost":4,"minecraft:sweet_berry_bush":1,"minecraft:spruce_log":21,"minecraft:pumpkin":13,"minecraft:stone_brick_stairs":1,"minecraft:dark_oak_stairs":2,"minecraft:grass":3,"delightful:mini_melon":18,"minecraft:spruce_leaves":46,"minecraft:stone_bricks":1,"minecraft:white_wool":48,"minecraft:wall_torch":1,"minecraft:chiseled_stone_bricks":1},"minecraft:used":{"minecraft:dark_oak_stairs":1,"minecraft:wooden_axe":27,"minecraft:dark_oak_planks":2,"minecraft:apple":1,"minecraft:iron_axe":16,"minecraft:melon_slice":3,"minecraft:spruce_planks":3,"minecraft:wooden_pickaxe":3,"farmersdelight:organic_compost":4,"minecraft:light_gray_wool":2,"minecraft:torch":1},"minecraft:custom":{"minecraft:time_since_rest":1551,"enigmaticlegacy:play_time_with_seven_curses":0,"lootr:looted_stat":6,"minecraft:sprint_one_cm":70585,"minecraft:damage_taken":1380,"minecraft:walk_one_cm":57814,"minecraft:damage_dealt":120,"enigmaticlegacy:play_time_without_seven_curses":38565,"minecraft:fly_one_cm":158438,"minecraft:crouch_one_cm":723,"minecraft:play_time":38695,"minecraft:deaths":4,"minecraft:sneak_time":482,"minecraft:jump":407,"minecraft:leave_game":2,"minecraft:time_since_death":2280,"minecraft:sleep_in_bed":1,"minecraft:total_world_time":38695,"minecraft:fall_one_cm":1314}},"DataVersion":3465}