{"stats":{"minecraft:crafted":{"minecraft:wooden_sword":1,"farmersdelight:cutting_board":1,"minecraft:wooden_shovel":1,"minecraft:stone_shovel":1,"minecraft:wooden_hoe":1,"minecraft:charcoal":3,"minecraft:crafting_table":1,"extendedcrafting:handheld_table":1,"minecraft:wooden_pickaxe":2,"minecraft:stone_pickaxe":1,"minecraft:wooden_axe":2,"minecraft:stone_sword":1,"minecraft:furnace":1,"minecraft:dark_oak_planks":228,"minecraft:torch":12,"minecraft:stone_hoe":1,"minecraft:stone_axe":1,"minecraft:air":0},"minecraft:broken":{"minecraft:wooden_axe":1,"minecraft:wooden_pickaxe":1},"minecraft:used":{"minecraft:apple":7,"minecraft:wooden_pickaxe":59,"minecraft:stone_axe":15,"minecraft:torch":3,"farmersdelight:cutting_board":1,"minecraft:dirt":19,"minecraft:cobblestone":16,"minecraft:furnace":1},"minecraft:custom":{"minecraft:time_since_rest":19104,"enigmaticlegacy:play_time_with_seven_curses":0,"minecraft:interact_with_furnace":8,"minecraft:sprint_one_cm":25198,"minecraft:damage_taken":195,"minecraft:walk_one_cm":18684,"minecraft:damage_dealt":9,"enigmaticlegacy:play_time_without_seven_curses":19104,"minecraft:fly_one_cm":13178,"minecraft:crouch_one_cm":630,"minecraft:play_time":19104,"minecraft:sneak_time":587,"minecraft:jump":91,"minecraft:leave_game":1,"minecraft:time_since_death":19104,"minecraft:total_world_time":19104,"minecraft:climb_one_cm":294,"minecraft:fall_one_cm":2775},"minecraft:picked_up":{"minecraft:dark_oak_sapling":77,"minecraft:pink_petals":1,"minecraft:stick":81,"farmersdelight:minced_beef":6,"minecraft:torch":3,"minecraft:cherry_log":63,"minecraft:dark_oak_log":145,"minecraft:dirt":19,"minecraft:apple":10,"minecraft:wheat_seeds":1,"delightful:acorn":18,"minecraft:cherry_sapling":28,"minecraft:pink_tulip":1,"minecraft:jungle_sapling":3,"delightful:green_tea_leaf":7,"minecraft:cobblestone":54},"minecraft:mined":{"minecraft:fire":12,"minecraft:cherry_log":40,"minecraft:cherry_sapling":1,"minecraft:dark_oak_log":57,"minecraft:grass_block":3,"minecraft:cherry_leaves":4,"minecraft:dark_oak_sapling":1,"minecraft:dirt":17,"minecraft:stone":54,"minecraft:wall_torch":3}},"DataVersion":3465}