{"stats":{"minecraft:used":{"minecraft:stone_pickaxe":4,"minecraft:iron_pickaxe":294,"gobber2:gobber2_gooey_bread":7,"minecraft:wooden_pickaxe":15,"gobber2:gobber2_gooey_beef":1,"minecraft:torch":1,"minecraft:dirt":10,"minecraft:cobblestone":8,"delightful:acorn":1},"minecraft:picked_up":{"minecraft:dark_oak_sapling":2,"minecraft:stick":2,"minecraft:raw_iron":29,"mekanism:raw_lead":7,"minecraft:clay_ball":168,"gobber2:gobber2_gooey_beefstew":2,"thermal:raw_lead":11,"minecraft:torch":11,"justhammers:iron_hammer":1,"minecraft:gravel":7,"minecraft:ink_sac":3,"mekanism:raw_osmium":5,"minecraft:raw_copper":3,"extendedcrafting:handheld_table":1,"minecraft:dark_oak_log":10,"mekanism:raw_tin":2,"minecraft:dirt":18,"minecraft:dark_oak_planks":36,"thermal:raw_nickel":4,"gobber2:gobber2_gooey_beef":2,"minecraft:wheat_seeds":1,"delightful:acorn":1,"minecraft:granite":1,"minecraft:iron_pickaxe":2,"minecraft:moss_block":1,"minecraft:coal":16,"gobber2:gobber2_goo":2,"gobber2:gobber2_gooey_bread":9,"minecraft:cobblestone":251},"minecraft:broken":{"minecraft:iron_pickaxe":1},"minecraft:killed_by":{"grimoireofgaia:cecaelia":1,"grimoireofgaia:toad":1},"minecraft:custom":{"minecraft:time_since_rest":31136,"enigmaticlegacy:play_time_with_seven_curses":0,"minecraft:interact_with_furnace":13,"minecraft:sprint_one_cm":58700,"minecraft:damage_taken":755,"minecraft:walk_one_cm":80972,"minecraft:drop":1,"minecraft:damage_dealt":15,"enigmaticlegacy:play_time_without_seven_curses":39222,"minecraft:fly_one_cm":29227,"minecraft:open_chest":8,"minecraft:crouch_one_cm":654,"minecraft:play_time":39348,"minecraft:deaths":2,"minecraft:sneak_time":664,"minecraft:jump":421,"minecraft:leave_game":1,"minecraft:walk_on_water_one_cm":671,"minecraft:time_since_death":31441,"minecraft:climb_one_cm":1857,"minecraft:total_world_time":39348,"minecraft:fall_one_cm":6169},"minecraft:mined":{"mekanism:osmium_ore":6,"minecraft:iron_ore":28,"minecraft:dark_oak_log":4,"thermal:lead_ore":11,"minecraft:glow_lichen":1,"minecraft:clay":27,"minecraft:granite":1,"minecraft:grass":2,"minecraft:coal_ore":16,"mekanism:lead_ore":7,"gobber2:gobber2_lucky_block":8,"mekanism:tin_ore":2,"minecraft:gravel":7,"minecraft:dirt":5,"thermal:nickel_ore":4,"minecraft:copper_ore":1,"minecraft:stone":221,"minecraft:moss_block":1},"minecraft:dropped":{"minecraft:stone_pickaxe":1},"minecraft:crafted":{"minecraft:wooden_sword":1,"thermal:iron_dust":29,"minecraft:iron_ingot":39,"minecraft:stick":8,"minecraft:wooden_pickaxe":1,"minecraft:stone_pickaxe":1,"minecraft:stone_sword":1,"thermal:nickel_dust":4,"minecraft:dark_oak_planks":40,"minecraft:air":0}},"DataVersion":3465}